id,tipo,nombre,calle_y_numero,colonia,alcaldia,cp,categoria,subcategoria
0,Agencia de viajes,Agencia de Viajes México Kanko,"Av.Paseo de La Reforma, No.393",Juárez,Cuauhtémoc,6500.0,,
1,Agencia de viajes,Viajes Zeta,Rio Marne 19-405,Renacimiento,Cuauhtémoc,6500.0,,
2,Agencia de viajes,In Fact,Rio Sena  82,Cuauhtémoc,Cuauhtémoc,6500.0,,
3,Agencia de viajes,Sistema Moderno de Viajes,Liverpool 143 interior 202,Juárez,Cuauhtémoc,6600.0,,
4,Agencia de viajes,Integradores Bts,Rodolfo Gaona 81 piso 1,Lomas de Sotelo,Miguel Hidalgo,11200.0,Mayorista,
5,Agencia de viajes,La Casa del Viaje,Londres No. 95 A,Juárez,Cuauhtémoc,6600.0,Mayorista,
6,Agencia de viajes,Travel Care,Mariano Escobedo 373  306,Polanco v Sección,Miguel Hidalgo,11570.0,Minorista,
7,Agencia de viajes,Lozano Travel de México,Taine #709,Polanco,Miguel Hidalgo,11560.0,,
8,Agencia de viajes,Professional travel services,Campeche 280 despacho 603 y 604,Hipódromo,Cuauhtémoc,6100.0,Minorista,
9,Agencia de viajes,Valero Viajes,Medellín 78,Roma Norte,Cuauhtémoc,6700.0,Mayorista,
10,Agencia de viajes,Komex Tours/Grupo Royale,Valencia No.9,Insurgentes Mixcoac,Benito Juárez,3920.0,,
11,Agencia de viajes,Viajes Zona Norte,Calzada de Tlalpan 2043,Parque San Andrés,Coyoacán,4040.0,Minorista,
12,Agencia de viajes,Tip´s Viajes,Cuernavaca No. 17,Condesa,Cuauhtémoc,6140.0,Minorista,
13,Agencia de viajes,Quality Mayorista de Viajes,Saltillo 137,Condesa,Cuauhtémoc,6100.0,Mayorista,
14,Agencia de viajes,Orion Tours,Kelvin No.8-103,Anzures,Miguel Hidalgo,11590.0,,
15,Agencia de viajes,Transporte Multimodal,Unión 2,Escandón,Miguel Hidalgo,11800.0,Minorista,
16,Agencia de viajes,Dua Tours,Juan Enrique Pestalozzi No.909,Del Valle,Benito Juárez,3100.0,,
17,Agencia de viajes,Maratones y Viajes,Miguel Laurent 234-B,Del Valle Sur,Benito Juárez,3104.0,,
18,Agencia de viajes,Mikado Travel,Río Nilo 88 despacho 202,Cuauhtémoc,Cuauhtémoc,6500.0,Minorista,
19,Agencia de viajes,Asesores en Cruceros,Río Guadalquivir 66 int 201 piso 2,Cuauhtémoc,Cuauhtémoc,6500.0,Mayorista,
20,Agencia de viajes,Royal Tours,Veracruz 69,Condesa,Cuauhtémoc,6140.0,Minorista,
21,Agencia de viajes,Olga Pulido South Pacific Tours,Avenida Mariano Escobedo No. 724 - 206,Nueva Anzures,Miguel Hidalgo,11590.0,,
22,Agencia de viajes,Petra La Operadora Mexicana,Aguascalientes 116,Roma Sur,Cuauhtémoc,6760.0,,
23,Agencia de viajes,Turismo y Convenciones,Ángel Urraza 625,Del Valle Centro,Benito Juárez,3100.0,Mayorista,
24,Agencia de viajes,Asesoría y Consultaría Turística y Empresarial,Avenida Insurgentes Sur 1650 despacho 304,Florida,Álvaro Obregón,1030.0,Minorista,
25,Agencia de viajes,OPESA,Serapio Rendón No. 70-B,San Rafael,Cuauhtémoc,6470.0,,
26,Agencia de viajes,Recondo Viajes,Fuego 134,Jardines del Pedregal,Álvaro Obregón,1900.0,,
27,Agencia de viajes,Royal Holiday Travel,"Insurgentes Sur, No.1999, 1er Piso",Guadalupe Inn,Álvaro Obregón,1020.0,,
28,Agencia de viajes,MexAtlántica Tours,Copérnico 152,Anzures,Miguel Hidalgo,11590.0,Mayorista,
29,Agencia de viajes,Viallo,Ameyalco 20,Del Valle Centro,Benito Juárez,3100.0,Minorista,
30,Agencia de viajes,Viajes Mundomex,Ciceron 737 No. Mezzi1,Chapultepec Morales,Miguel Hidalgo,11570.0,,
31,Agencia de viajes,T.C.T. International Travel Services,Pitágoras 583 planta baja,Narvarte Poniente,Benito Juárez,3020.0,Minorista,
32,Agencia de viajes,Signum Travel Lufthansa city center,"Colina de los Aconitos #43, local D",Boulevares,Miguel Hidalgo,53140.0,Minorista,
33,Agencia de viajes,Germamex,"Altavista, No.131-2",San Angel Innn,Álvaro Obregón,1060.0,Minorista,
34,Agencia de viajes,Giras Turísticas y Empresariales,Tigre No.11,Del Valle,Benito Juárez,3100.0,,
35,Agencia de viajes,Viajes Meca,Goethe 132,Anzures,Miguel Hidalgo,11590.0,Mayorista,
36,Agencia de viajes,Viajes y Excursiones Fox,Av. Canal de Miramontes No.2706-A,Los Cipreses,Coyoacán,4830.0,,
37,Agencia de viajes,Felqueres Maintours,Melcho Ocampo No. 318,Romero de terreros,Coyoacán,4310.0,,
38,Agencia de viajes,Viajes Kokai,Periferico Sur  7642-1,Villa Cuemanco,Tlalpan,14360.0,,
39,Agencia de viajes,Viajes Polanco,Homero No.407-301,Chapultepec Morales,Miguel Hidalgo,11570.0,,
40,Agencia de viajes,Centro Turístico Empresarial,Poniente No. 116,Industria Vallejo,Azcapotzalco,2300.0,,
41,Agencia de viajes,Viajes Coaplaza,Calzada Canal de Miramontes 3280 39,Villa Coapa,Tlalpan,14390.0,Minorista,
42,Agencia de viajes,Viajes y Excursiones Ciltlaltepetl,Retorno 106 de Oriente 160 46,Unidad Modelo,Iztapalapa,9089.0,Minorista,
43,Agencia de viajes,Viajes Ancho Mundo,Leibnitz 34 piso 1,Anzures,Miguel Hidalgo,11590.0,Mayorista,
44,Agencia de viajes,Viajes Excelsior S.A. de C.V.,"AV. Constituyentes, No.117",San Miguel Chapultepec,Miguel Hidalgo,11850.0,,
45,Agencia de viajes,Viajes Alpandeire,Descartes No. 54,Anzures,Miguel Hidalgo,11590.0,,
46,Agencia de viajes,miescape.mx,Calzada de Tlalpan No. 2205,Ciudad Jardin,Coyoacán,4370.0,,
47,Agencia de viajes,Tlacopan Viajes,Golfo de Adén 11 B,Tacuba,Miguel Hidalgo,11410.0,Minorista,
48,Agencia de viajes,"Incentivos y Convenciones, S.A. de C.V.",Altavista No. 102,San Ángel,Álvaro Obregón,1000.0,,
49,Agencia de viajes,Decan´s Travel,Gerentes 26 A,San José Aculco,Iztapalapa,9410.0,,
50,Agencia de viajes,Academy Travel,"Jaime Balmes 11 Edif.E,  Mzn.2",Polanco,Miguel Hidalgo,11510.0,,
51,Agencia de viajes,Karnaval Tours Operadora,Quiches No. 88 Local 1,La Raza,Azcapotzalco,2990.0,,
52,Agencia de viajes,Ixtapa Palace Resort,Avenida Chapultepec 318 primer piso,Roma Norte,Cuauhtémoc,6070.0,,
53,Agencia de viajes,Intercruises,José María Rico No. 121 Int. 306,Actipan,Benito Juárez,3230.0,,
54,Agencia de viajes,Espencon,Laura 100,Nativitas,Benito Juárez,3500.0,,
55,Agencia de viajes,Viza Servicios Turísticos,Calle 57 84,Puebla,Venustiano Carranza,15020.0,Minorista,
56,Agencia de viajes,Universal Operadora de Viajes,Betabel 7,Los Ángeles Apanoaya,Iztapalapa,9710.0,,
57,Agencia de viajes,Operadora Linusa,Génova 20 piso 5 despacho 506,Juárez,Cuauhtémoc,6600.0,Mayorista,
58,Agencia de viajes,Viajes Mars Operadora Mayorista,Periférico Sur Unidad Habitacional Dr. Ignacio Chávez,Rinconada Coapa,Tlalpan,14330.0,,
59,Agencia de viajes,Tayira Travel,Arkansas No. 11 Piso 3,Napoles,Benito Juárez,3810.0,,
60,Agencia de viajes,Fale Turismo Empresarial,Avenida Eugenia 829 despacho 302,Del Valle Centro,Benito Juárez,3100.0,Minorista,
61,Agencia de viajes,Navitur Operadora,Versalles No. 16,Juarez,Cuauhtémoc,6600.0,,
62,Agencia de viajes,Asesoría Especializada en Turismo Aetur,Dr. José María Vértiz 948  1,Narvarte Poniente,Benito Juárez,3020.0,Minorista,
63,Agencia de viajes,Shepherd´s Tours,"Paseo de la Reforma 42, 1° piso oficina A",Centro,Cuauhtémoc,6000.0,Minorista,
64,Agencia de viajes,Convivencia Turística,Sur 67 A 104 H,El Prado,Iztapalapa,9480.0,Minorista,
65,Agencia de viajes,Omextur,Avenida Nuevo León 213 interior 501 y 604,Hipódromo Condesa,Cuauhtémoc,6100.0,,
66,Agencia de viajes,Sports International Tours,Avenida Chapultepec 157 despacho 204,Juárez,Cuauhtémoc,6600.0,Minorista,
67,Agencia de viajes,Descuentos en Viajes,Taxqueña 1506 local 9,Campestre Churubusco,Coyoacán,4200.0,Mayorista,
68,Agencia de viajes,Agencia de Viajes Santa Martha,Reforma Laboral Mz.30 Lt.31,Reforma Politica,Iztapalapa,9730.0,,
69,Agencia de viajes,Turismo 5 Continentes,Rancho Piedras Negras 79,Santa Cecilia Coapa,Coyoacán,4930.0,Minorista,
70,Agencia de viajes,Viajes Maresal,Av. Nativitas No. 30-6 Planta Alta,Bosque Residencial,Xochimilco,16010.0,,
71,Agencia de viajes,Traveo,Jaime Balmes No.11 Int. P10 T.B,Los Morales,Miguel Hidalgo,11510.0,,
72,Agencia de viajes,Grupo Crucero,Adolfo Thiers 148,Anzures,Miguel Hidalgo,11590.0,,
73,Agencia de viajes,Viajes Arirang,Londres 224 Int. 101,Juarez,Cuauhtémoc,6600.0,,
74,Agencia de viajes,Azteca Travel Tours Art,Francisco I Madero 150 B-201,San Miguel,Iztacalco,8650.0,,
75,Agencia de viajes,Atayan Travel Agency,Empresa 165 interior 302,Insurgentes Mixcoac,Benito Juárez,3920.0,,
76,Agencia de viajes,El Callejón del Viaje,norte 81a n° 443,Electricistas,Azcapotzalco,2060.0,,
77,Agencia de viajes,Ecotura,"La Noria,  No. 21-1",Paseos del sur,Xochimilco,16010.0,,
78,Agencia de viajes,Operadora Turística Yatre,Av Chapultepec 164,Roma Norte,Tlalpan,6700.0,,
79,Agencia de viajes,Kalawi Tours,Baja California 368 C,Hipodromo,Cuauhtémoc,6100.0,Mayorista,
80,Agencia de viajes,Spiral Promoción Turística,Avenida Insurgentes Sur 105 piso 14,Juárez,Cuauhtémoc,6600.0,,
81,Agencia de viajes,Aventuras Nacionales,"Avenida Presidentes N. 34, Casa 1, 2o. Piso",Portales Oriente,Benito Juárez,3570.0,,
82,Agencia de viajes,ToursCancún,Fresnos No. 52,El reloj,Coyoacán,4640.0,,
83,Agencia de viajes,Excel Tours Tonalá,Tonalá No. 209-6,Roma Sur,Cuauhtémoc,6760.0,Minorista,
84,Agencia de viajes,Nomad Republic,Tabasco No. 242,Roma Norte,Cuauhtémoc,6700.0,,
85,Agencia de viajes,FAM Servicios Turísticos,Zacatecas No. 206-301,Roma Norte,Cuauhtémoc,6700.0,,
86,Agencia de viajes,"""Comercializadora Oneway""",Rio Nazas No.20,Cuauhtémoc,Cuauhtémoc,6500.0,,
87,Agencia de viajes,Pasaporte a la Aventura,Mar Tirreno No. 9-2,Popotla,Miguel Hidalgo,11400.0,Minorista,
88,Agencia de viajes,Master Tours Operador Mayorista S.A. de C.V.,Durango No. 195 Piso 7,Roma Norte,Cuauhtémoc,6700.0,,
89,Agencia de viajes,"ABC International División México, S.A. de C.V.",Rio Balsas No. 40,Cuauhtémoc,Cuauhtémoc,6500.0,,
90,Agencia de viajes,Turismo Le-Monde,"Montecito No.38, Piso 22",Nápoles,Benito Juárez,3810.0,Minorista,
91,Agencia de viajes,Travelis Life,Guanabana   No. 242,Nueva Santa María,Azcapotzalco,2800.0,,
92,Agencia de viajes,Maravillas de México,Eligio Ancona No. 52 Local C,Santa María la Ribera,Cuauhtémoc,6400.0,Minorista,
93,Agencia de viajes,Tyst Clavería,Heliópolis 196-A,Clavería,Azcapotzalco,2080.0,Minorista,
94,Agencia de viajes,Tyst Chapultepec,José Vasconcelos No. 235,San Miguel Chapultepec,Miguel Hidalgo,11850.0,Minorista,
95,Agencia de viajes,Aspire Lifestyles,"Jaime Balmes No. 11 Torre B, Piso 4",Los Morales,Miguel Hidalgo,11510.0,Minorista,
96,Agencia de viajes,Signature Golf México,Maimónides No.530,Polanco,Miguel Hidalgo,11560.0,,
97,Agencia de viajes,Travel Design,Privada Tamarindos No. 7-505,Bosque de las lomas,Cuajimalpa de Morelos,5120.0,Minorista,
98,Agencia de viajes,Soluciones Empresariales en Turismo,"Pedro Santacilia,  No.294",Villa de Cortes,Benito Juárez,3530.0,Minorista,
99,Agencia de viajes,Mexticket,Mario Pani No. 150 Piso 1,Lomas de Santa Fe,Cuajimalpa de Morelos,5300.0,,
100,Agencia de viajes,Travels and Tours,Real de San Martín No.498,San Martin Xochinahuac,Azcapotzalco,2120.0,Minorista,
101,Agencia de viajes,OTA Mundomex,Av. Ejército Nacional No. 579,Granada,Miguel Hidalgo,11520.0,Minorista,
102,Agencia de viajes,Braya,"Lafontaine,  No.116",Polanco,Miguel Hidalgo,11550.0,,
103,Agencia de viajes,Viajes El Corte Inglés,"Jaime Balmes No. 11, Torre A 1-A",Los Morales,Miguel Hidalgo,11510.0,,
104,Agencia de viajes,SSE Mundomex,"Av. Ejército Nacional,  No.579",Granada,Miguel Hidalgo,11520.0,Minorista,
105,Agencia de viajes,On Vacation Hoteles,"Montecito No.38, Piso 14, Oficinas 34 y 35.",Napoles,Benito Juárez,3810.0,,
106,Agencia de viajes,Kin Travel,"Montecito No. 38, piso 28 oficina 12 y 13",Napoles,Benito Juárez,3810.0,,
107,Agencia de viajes,EDVP Mundomex,Av. Ejercito Nacional No.579,Granada,Miguel Hidalgo,11520.0,,
108,Agencia de viajes,Eventos Especiales,Ciceron 737 No.Mezzi1,Chapultepec Morales,Miguel Hidalgo,11570.0,,
109,Agencia de viajes,Horus Royal Elite Club,"Paseo de la Reforma, No. 243",Cuauhtémoc,Cuauhtémoc,6500.0,,
110,Agencia de viajes,Viajes Travangel,Norte 81A #442,Sindicato Mexicano de Electricista,Azcapotzalco,2060.0,,
111,Agencia de viajes,Viajes El Corte Inglés,Avenida Canal de Tezontle No. 1512,Dr. Alfonso Ortiz,Iztapalapa,9040.0,,
112,Agencia de viajes,Colectivo Business and Travel,Cerrada Rosa Zaragoza No. 28,Culhuacan,Coyoacán,4489.0,,
113,Agencia de viajes,Mexique Découverte,Salina Cruz 45,Roma Sur,Cuauhtémoc,6760.0,,
114,Agencia de viajes,Viajes Mundo Paraíso,Calzada Ermita  Iztapalapa Mz.1 Lt.17,Santiago Acahualtepec,Iztapalapa,9608.0,,
115,Agencia de viajes,Ost Nueva Santa María,Nueces #  167,Nueva Santa Mria,Azcapotzalco,2800.0,,
116,Agencia de viajes,Mautravel,Av. Baja California No.278-702,Hipodromo Condesa,Cuauhtémoc,6100.0,,
117,Agencia de viajes,Fanáticos del Viaje,Misterios 599-A,Industrial,Gustavo A. Madero,7800.0,Minorista,
118,Agencia de viajes,Catur,Río Tiber 91 302,Cuauhtémoc,Cuauhtémoc,6500.0,,
119,Agencia de viajes,Turismo de Negocios Santa Fé,Av. Copilco No. 164 Loc.21,Oxtopulco,Coyoacán,4318.0,,
120,Agencia de viajes,Operadora Mayorista Santa Fé,Av. Copilco No. 164 Loc. 22-A,Oxtopulco,Coyoacán,4318.0,,
121,Agencia de viajes,Innovatur,Av.Baja California No.252,Hipodromo Condesa,Cuauhtémoc,6170.0,,
122,Agencia de viajes,Travel & Business,Ingenieros No. 33,Escandón,Miguel Hidalgo,11800.0,Minorista,
123,Agencia de viajes,Tour Tatich,Golfo de Viscaya # 8,Tacuba,Miguel Hidalgo,11410.0,,
124,Agencia de viajes,Travel Essence,Paseo de la Reforma 42 Piso 1 Oficina A,Centro,Cuauhtémoc,6010.0,,
125,Agencia de viajes,High Travel,Prol. Hidalgo No.259 -29,Manzanastitla,Cuajimalpa de Morelos,5270.0,,
126,Agencia de viajes,Sparcia Travel,Tepalcatitla No.47,Barrio la Concepción,Coyoacán,4020.0,,
127,Agencia de viajes,Agencia de Viajes Mundo Polotours,"Gitana No.77, Edif. E1-Depto 102",Los Olivos,Tláhuac,13210.0,,
128,Agencia de viajes,ITG,Shakespeare 154 PB,Anzures,Miguel Hidalgo,11590.0,,
129,Agencia de viajes,Turismo Sibarita,"Oriente 176, No. 201",Moctezuma,Venustiano Carranza,15530.0,,
130,Agencia de viajes,Dis Travel Zafiro Tours,Quetzal No.36,Las Aguilas,Álvaro Obregón,1710.0,,
131,Agencia de viajes,México Tour Freelance,Oriente 146 No.141,Moctezuma,Venustiano Carranza,15530.0,,
132,Agencia de viajes,Onlineunlimitedvacation,Insurgentes Sur No. 586,Del Valle,Benito Juárez,3100.0,,
133,Agencia de viajes,Masai Travel,San Antonio 120 Int 202,Napoles,Benito Juárez,3810.0,,
134,Agencia de viajes,Mundo Travel,"Av. Tezontle 57-A, 2 Piso",Los Paseos de Churubusco,Iztapalapa,9040.0,,
135,Agencia de viajes,Travel Madness,Palacio de Versalles No.235 Anexo,Lomas de Chapultepec,Miguel Hidalgo,11000.0,,
136,Agencia de viajes,YI-FI Tu Zona de Viajes,Francisco del Paso y Troncoso 286 A Depto 16,Jardin Balbuena,Venustiano Carranza,15900.0,,
137,Agencia de viajes,CTS,Jaime Balmes No.11 Int. Piso 10 PH TB,Los Morales Polanco,Miguel Hidalgo,11510.0,,
138,Agencia de viajes,Zuritour Operadora de Viajes,"Palma, No.20, Interior 21",Centro,Cuauhtémoc,6000.0,,
139,Agencia de viajes,Operadora Issavi,"Ibsen, No.40-101",Polanco,Miguel Hidalgo,11560.0,,
140,Agencia de viajes,Viajes Ermita,Av. Ermita Iztapalapa No. 3417 A-18,Xalpa,Iztapalapa,9640.0,,
141,Agencia de viajes,Travelisy,Montecito 38 Piso 32 Oficina 37,Napoles,Benito Juárez,3810.0,,
142,Agencia de viajes,Serratours,Bajío 369 Int. 402,Hipodromo Condesa,Cuauhtémoc,6140.0,,
143,Agencia de viajes,About Tourism and Trade,"Playa Salagua, No.586B",Reforma Iztaccihuatl,Iztacalco,8840.0,,
144,Agencia de viajes,Joss Travel México,Frontera No.167 Desp.205,Roma,Cuauhtémoc,6700.0,,
145,Agencia de viajes,Alico Tours,Manzanas No.46 Piso. 4,Tlacoquemecatl del Valle,Benito Juárez,3200.0,,
146,Agencia de viajes,MX Travel,Brigada Alvarez Mz.9 Lote.20,Ejercito de Oriente,Iztapalapa,9230.0,,
147,Agencia de viajes,Kaytrip de México,"Hegel, No.153, Despacho 102",Polanco,Miguel Hidalgo,11560.0,,
148,Agencia de viajes,ART Connet,"Tarango, No. 56-1",Ampliación las Aguilas,Álvaro Obregón,1759.0,,
149,Agencia de viajes,Excel Tours Distrito Central,Av Sonora 113 5to piso interior 501,Roma Norte,Cuauhtémoc,6700.0,,
150,Agencia de viajes,Agencia de Viajes Raftravel,Melchor Ocampo No. 104 Int. 8,San Rafael,Cuauhtémoc,6470.0,,
151,Agencia de viajes,Viajes 80 días Cuauhtémoc,"Melchor Ocampo, No.454, Local.1-B",Cuauhtémoc,Cuauhtémoc,6500.0,,
152,Agencia de viajes,Agencia de Viajes Noguez,José Urbano Fonseca 356,Capultitlan,Gustavo A. Madero,7370.0,Minorista,
153,Agencia de viajes,Viajes Ki Xíimbal,"Andador 21 de Cafetales, No.17-A",Ctm Culhuacán,Coyoacán,4939.0,,
154,Agencia de viajes,Viajes Romano,"Fco. Gonzalez Bocanegra, No.77-12",Morelos,Cuauhtémoc,6200.0,,
155,Agencia de viajes,Viñales Tours,"Avenida Oaxaca, No.95",Roma Norte,Cuauhtémoc,6700.0,,
156,Agencia de viajes,Mexico Experts Travel,"Av.De Las Fuentes, 170",Jardines del Pedregal,Álvaro Obregón,1900.0,,
157,Agencia de viajes,One2Travel Group,Avenida Contreras 700 Int 204,San Jeronimo Lidice,La Magdalena Contreras,10400.0,,
158,Agencia de viajes,Travelexp,"Insurgentes No. 3656, Despacho 206",Peña Pobre,Tlalpan,14060.0,,
159,Agencia de viajes,Tío Mike Viajes,Rep. del Salvador No. 142,Centro,Cuauhtémoc,6060.0,,
160,Agencia de viajes,Viajes Arboledas,Xochicalco No. 464,Vertiz Narvarte,Benito Juárez,3600.0,,
161,Agencia de viajes,Sunset Bay,"Tlacotalpan, No.37",Roma Sur,Cuauhtémoc,6760.0,,
162,Agencia de viajes,Travel and Business,INGENIEROS No. 33,ESCANDON,Miguel Hidalgo,11800.0,Minorista,
163,Agencia de viajes,Viajes Palacio Lindavista,Río Bamba 589,Magdalena de las Salinas,Gustavo A. Madero,7760.0,,
164,Agencia de viajes,Viajes Palacio Casa Palacio Santa Fe,Av. Vasco de Quiroga No. 3850,Antigua Mina La Totolapa,Cuajimalpa de Morelos,5109.0,,
165,Agencia de viajes,Viajes Palacio Booth Centro Coyoacán,Av. Coyoacán No. 200,Xoco,Coyoacán,3330.0,,
166,Agencia de viajes,Viajes Palacio Booth Perisur,Periférico Sur No. 4690,Jardines del Pedregal,Álvaro Obregón,4500.0,,
167,Agencia de viajes,Viajes Palacio Travel Line México CDMX,Durango No. 230,Roma,Cuauhtémoc,6700.0,,
168,Agencia de viajes,Viagi.com,"Rio Nilo, No.88",Cuauhtémoc,Cuauhtémoc,6500.0,,
169,Agencia de viajes,China Travel México,"Empresa, No.146",Extremadura Insurgentes,Benito Juárez,3740.0,,
170,Agencia de viajes,Vieyra Viajes,Imprenta No. 408,Emilio Carranza,Venustiano Carranza,15230.0,,
171,Agencia de viajes,Viajes Tadeo,Priv Luz Suarez  Mz 48 Lt 8b,Agricola Pantitlan,Iztacalco,8100.0,,
172,Agencia de viajes,Copilco Universidad,"Av. Universidad, No.1887",Oxtopulco,Coyoacán,4318.0,,
173,Agencia de viajes,Viajes Intermex,Av. Anillo Periferico Sur No. 4690 Local 195,Jardines del Pedregal de San Angel,Coyoacán,4500.0,,
174,Agencia de viajes,Viajes Bertasio,"Tamaulipas, No.155",Hipódromo Condesa,Cuauhtémoc,6170.0,,
175,Agencia de viajes,Planeación e Integración Turística,Prado Norte 531,Nativitas,Miguel Hidalgo,11000.0,,
176,Agencia de viajes,Viajes Palacio Booth Patio Universidad,Av. Popocatépetl No. 546,Xoco,Benito Juárez,3330.0,,
177,Agencia de viajes,Xico Travel,Periférico Sur #7680 8-201,Granjas Coapa,Tlalpan,14330.0,,
178,Agencia de viajes,Viaje a Las Estrellas-CTS,"Jaime Balmes No. 11, Local 114,115,116",Los Morales Polanco,Miguel Hidalgo,11510.0,,
179,Agencia de viajes,Premia Travel,Justo Sierra 11,Zona Escolar,Gustavo A. Madero,7230.0,Minorista,
180,Agencia de viajes,Edka Viajes y Eventos,Toltecas 119 A,Lomas de Chapultepec,Iztapalapa,9000.0,,
181,Agencia de viajes,Gudel Servicios De Viaje,Guillermo Prieto 36 Local C,San Rafael,Cuauhtémoc,6470.0,,
182,Agencia de viajes,OPG Grupos y Convenciones,Guillermo Prieto 36 Local C,San Rafael,Cuauhtémoc,6470.0,,
183,Agencia de viajes,"Top Ten Travel, S.A. de C.V.","Maricopa No.10, Int. 201 A",Napoles,Benito Juárez,3810.0,,
184,Agencia de viajes,Tours Delafe,Durango No. 324,Roma Norte,Cuauhtémoc,6700.0,,
185,Agencia de viajes,Hidal - Mex,Andalucía No. 10,Álamos,Benito Juárez,3400.0,,
186,Agencia de viajes,Roma Agencia De Viajes,Avenida Del Taller 472 Local 6,Jardín Balbuena,Cuauhtémoc,15900.0,,
187,Agencia de viajes,TYST Del Valle,"Av. Cuauhtémoc, No. 1281",Santa Cruz Atoyac,Benito Juárez,3310.0,,
188,Agencia de viajes,RTH Servicios de Viaje,Camino Viejo A San Pedro Martir No. 31,La Joya,Tlalpan,14090.0,,
189,Agencia de viajes,"Operadora De Viajes Vsg, S.A. De C.V.",Felix Berenguer 126,Lomas Virreyes,Miguel Hidalgo,11000.0,,
190,Agencia de viajes,Felgueres,"Lafontaine No. 92, Piso 1",Polanco Chapultepec,Miguel Hidalgo,11560.0,,
191,Agencia de viajes,MH Internacional,Magdalena No. 507,Del Valle,Benito Juárez,3100.0,,
192,Agencia de viajes,Clasa Tour Operadora México,Avenida Yucatan No. 20 - 502,Roma Norte,Cuauhtémoc,6700.0,,
193,Agencia de viajes,"Boni Viajes, S.A. de C.V.","Avenida Felix Cuevas, No.329-B, Local12",Del Valle,Benito Juárez,3100.0,,
194,Agencia de viajes,Viafel,Durango No. 269,Roma Norte,Cuauhtémoc,6700.0,,
195,Agencia de viajes,Redes Turísticas,Estado De Zacatecas 47,Providencia,Gustavo A. Madero,7550.0,,
196,Agencia de viajes,Aventour,Avenida Sierravista 219-3,Lindavista,Gustavo A. Madero,7300.0,,
197,Agencia de viajes,Viajes Bojorquez Lindavista,Avenida Montevideo 189-2,Lindavista,Gustavo A. Madero,7300.0,Minorista,
198,Agencia de viajes,Viaceco Travel,Arteaga Y Salazar No. 1584,El Contadero,Cuajimalpa de Morelos,5500.0,,
199,Agencia de viajes,Viajes Belinda,Av. Morelos No.621,Magdalena Mixhuca,Venustiano Carranza,15850.0,,
200,Agencia de viajes,Ocean Terra Operadora Mayorista,Luz Saviñon No.310,Del Valle,Benito Juárez,3100.0,,
201,Agencia de viajes,Travel Impressions,Presidente Masaryk 111 Piso 7,Chapultepec Morales,Miguel Hidalgo,11560.0,,
202,Agencia de viajes,Viajes Samagu,Toluca 13,Santa Teresa,La Magdalena Contreras,10710.0,,
203,Agencia de viajes,Aeroreservaciones.com,Herodoto No.52,Anzures,Miguel Hidalgo,11590.0,,
204,Agencia de viajes,Agencia De Viajes Travelmx,Eje Central Lazaro Cardenas 415,Portales Norte,Benito Juárez,3303.0,,
205,Agencia de viajes,LTSGO,Berlin 105,Del Carmen,Coyoacán,4100.0,,
206,Agencia de viajes,Clickonero.com,Horacio No. 340,Polanco,Miguel Hidalgo,11560.0,,
207,Agencia de viajes,viajesdemexico.com,Angeles 77 B,Granjas Navidad,Cuajimalpa de Morelos,5219.0,,
208,Agencia de viajes,"Argo Viajes, S.A. de C.V.",Av. División Del Norte No. 2943,El Rosedal,Coyoacán,4330.0,,
209,Agencia de viajes,Infinity Dreams,Río Po No.22,Cuauhtémoc,Cuauhtémoc,6500.0,,
210,Agencia de viajes,Agencia de Viajes Compass Travel,Rafael Martinez Rip Rip No. 87,Independencia,Benito Juárez,3630.0,,
211,Agencia de viajes,"EVC Viajes, S.A. de C.V.",Av. Rio Mixcoac No.69,Credito Constructor,Benito Juárez,3940.0,,
212,Agencia de viajes,Viajes Berlin,Luz Saviñon No.1007 Piso2,Del Valle,Benito Juárez,3100.0,,
213,Agencia de viajes,FJ Travel Solutions,Calle Ramón Zapena Mz. 49 Lt. 5,Zona Escolar,Gustavo A. Madero,7230.0,Minorista,
214,Agencia de viajes,Mextravel & MexHotel,"Calle Mario Pani, No.400",Lomas De Santa Fe,Cuajimalpa de Morelos,5300.0,,
215,Agencia de viajes,Happy Trip,Avenida 604 203,San Juan De Aragón,Gustavo A. Madero,7979.0,Minorista,
216,Agencia de viajes,Opertravel México,"Av. 5 De Mayo, No.3050",Lomas De Tarango,Álvaro Obregón,1620.0,,
217,Agencia de viajes,Garza Viajes Operadora Turistico S.A de C.V.,"Guillermo Prieto, No.45",San Rafael,Cuauhtémoc,6470.0,,
218,Agencia de viajes,Grupo Navitur,Versalles No.16,Juárez,Cuauhtémoc,6600.0,,
219,Agencia de viajes,Convenciones & Meeting Planner Buva,"Avenida Mario Pani, No.400",Santa Fe Cuajimalpa,Cuajimalpa de Morelos,5348.0,,
220,Agencia de viajes,Experiencias AV,Republica De Uruguay No.94,Centro,Cuauhtémoc,6060.0,,
221,Agencia de viajes,ARFA Travel,Gobernador Manuel Reyes Veramendi No.61,San Jerónimo Lidice,Miguel Hidalgo,11850.0,,
222,Agencia de viajes,Milen Tour & Travel S.A de C.V.,Tlaxcala No.165-106,Hipodromo Condesa,Cuauhtémoc,6100.0,,
223,Agencia de viajes,Viajes 80 Días Condesa,Avenida Insurgentes Sur No. 453,Hipodromo,Cuauhtémoc,6100.0,,
224,Agencia de viajes,Gabs Travel,"Avenida Insurgentes Sur, No.1971",Guadalupe Inn,Álvaro Obregón,1020.0,,
225,Agencia de viajes,Descuentos en Viajes,Av. Taxqueña No.1506,Campestre Churubusco,Coyoacán,4200.0,,
226,Agencia de viajes,Interworld Travel,Lago Constanza 155 Torre A Depto.603,Anahuac,Miguel Hidalgo,11320.0,,
227,Agencia de viajes,Global Star Group,Pedro Luis Ogazón No. 84,Guadalupe Inn,Álvaro Obregón,1020.0,,
228,Agencia de viajes,Bull & Bear Traveling,Avenida Horacio No. 632,Polanco Chapultepec,Miguel Hidalgo,11560.0,,
229,Agencia de viajes,Grupo Travel Aragón,Puerto Acapulco 18-101,Casas Alemán Ampliación,Gustavo A. Madero,7580.0,Minorista,
230,Agencia de viajes,Paquetes Costa Rica,Av. Santa Fe No.94 Torre A Piso 8,Zedec Santa Fe,Álvaro Obregón,1210.0,,
231,Agencia de viajes,Avanti Meetings And Incentives,Rio Tiber 100 P 3 Ofi 301,Cuauhtémoc,Cuauhtémoc,6500.0,,
232,Agencia de viajes,My Travel Mexico,Calzada Mexico Tacuba 1523,Argentina Poniente,Miguel Hidalgo,11230.0,,
233,Agencia de viajes,Viajes Covamex,Avenida San Jeronimo No. 630 Saf 09,La Otrra Banda,Álvaro Obregón,1090.0,,
234,Agencia de viajes,Viajes Excelencia,"Pedro Romero De Terreros, No.1211",Narvarte,Benito Juárez,3020.0,,
235,Agencia de viajes,Viñales Tours,Avenida San Jeronimo No. 630 Saf 09,La Otra Banda,Álvaro Obregón,1090.0,,
236,Agencia de viajes,Agencia de Viajes Travel 2010,"Ignacio M. Altamirano, No. 99-6",San Rafael,Cuauhtémoc,6470.0,,
237,Agencia de viajes,Passport México,Bélgica No.503,Portales,Benito Juárez,3300.0,,
238,Agencia de viajes,Mi Escape,Avenida San Francisco No. 1621,Del Valle,Benito Juárez,3100.0,,
239,Agencia de viajes,Mi Escape,Calzada San Juan De Aragón 516,Dm Nacional,Gustavo A. Madero,7070.0,,
240,Agencia de viajes,Mi Escape,Avenida Insurgentes Sur No. 453,Hipodromo,Cuauhtémoc,6100.0,,
241,Agencia de viajes,Viajes Bumerán,Tlaxcaltecas 80-2,La Raza,Azcapotzalco,2990.0,,
242,Agencia de viajes,BD Viajes y Convenciones,Norte 170,Pensador Méxicano,Venustiano Carranza,15510.0,Minorista,
243,Agencia de viajes,Viajes Riazor,Avenida 5 De Mayo 45,Centro,Cuauhtémoc,6000.0,Minorista,
244,Agencia de viajes,Máxima Travel,Londres 52,Juárez,Cuauhtémoc,6600.0,Minorista,
245,Agencia de viajes,Travel Mx Tours,Manuela Saenz And 24,Ctm Culhuacan,Coyoacán,4480.0,Minorista,
246,Agencia de viajes,Operadora Continental,Estenografos # 3-A,El Sifon,Iztapalapa,9400.0,,
247,Agencia de viajes,Tours México Travel,Cerrada Del Pino No.26,Candelaria,Coyoacán,4380.0,,
248,Agencia de viajes,Sendetur,Eje Central 4907,Central de Autobuses del Norte,Gustavo A. Madero,7380.0,,
249,Agencia de viajes,Viajes Cooperativa,,,,,,
250,Agencia de viajes,Agencias de Viajes Diana,,,,,,
251,Restaurante,Restaurant Del Valle,Humboldt 38,Centro,Cuauhtémoc,6050.0,Restaurante,Mexicana
252,Restaurante,Mr Café,"Revillagigedo, No.23",Centro,Cuauhtémoc,6050.0,,
253,Restaurante,Sanborns,Londres 130,Juárez,Cuauhtémoc,6600.0,,
254,Restaurante,El Asado Argentino,Dinamarca 72,Juárez,Cuauhtémoc,6600.0,Restaurante,Carnes
255,Restaurante,Los Canarios Marquis,Paseo de la Reforma 465,Cuauhtémoc,Cuauhtémoc,6500.0,Restaurante,Mexicana
256,Restaurante,Restaurante Hotel Palace,Ignacio Ramírez 7,Tabacalera,Cuauhtémoc,6030.0,Cafetería,Mexicana
257,Restaurante,Restaurante La Talavera,Jose Maria Lafragua No.7,Tabacalera,Cuauhtémoc,6030.0,,
258,Restaurante,Restaurant Granada,Madrid 15,Tabacalera,Cuauhtémoc,6030.0,Restaurante,Mexicana
259,Restaurante,Restaurant La Terraza,Francisco I. Madero 30,Centro,Cuauhtémoc,6000.0,,
260,Restaurante,Restaurant Terraza,Francisco I. Madero 73,Centro,Cuauhtémoc,6000.0,Restaurante buffet,Regional
261,Restaurante,La Bufa,Avenida Independencia 17,Centro,Cuauhtémoc,6050.0,Restaurante,Mexicana
262,Restaurante,Restaurant Segovia,Avenida Chapultepec 328,Roma Norte,Cuauhtémoc,6700.0,Restaurante,Mexicana
263,Restaurante,Restaurante San Miguel,Avenida Baja California 7,Roma Sur,Cuauhtémoc,6760.0,Restaurante,Mexicana
264,Restaurante,Manhattan Deli,Paseo de la Reforma 325,Cuauhtémoc,Cuauhtémoc,6500.0,Restaurante,Mexicana
265,Restaurante,Restaurant Roosevelt,Avenida Insurgentes Sur 287,Hipódromo Condesa,Cuauhtémoc,6100.0,Restaurante,Mexicana
266,Restaurante,La Terraza,Río Lerma 237,Cuauhtémoc,Cuauhtémoc,6500.0,Restaurante,Mexicana
267,Restaurante,Restaurante Centro,Av. Revolución 333,Tacubaya,Miguel Hidalgo,11870.0,,
268,Restaurante,Chilis Grill & Bar,"Av. Universidad, No. 767",Valle Sur,Benito Juárez,3104.0,,
269,Restaurante,Restaurante New York,Edison 45,Tabacalera,Cuauhtémoc,6030.0,Restaurante,Mexicana
270,Restaurante,Restaurante Bar La Farola,Coahuila 27,Roma Norte,Cuauhtémoc,6700.0,Restaurante,Mexicana
271,Restaurante,Ristorante Italiano La Lanterna,Paseo de la Reforma 458,Juárez,Cuauhtémoc,6600.0,Restaurante,Mexicana
272,Restaurante,Restaurante Primavera,Amberes 78,Juárez,Cuauhtémoc,6600.0,Restaurante,Mexicana
273,Restaurante,Tacos Coyoacán Video Hall,Avenida Centenario 60,Del Carmen,Coyoacán,4100.0,Restaurante,Internacional
274,Restaurante,Gruta Ehden,Pino 69,Florida,Álvaro Obregón,1030.0,Restaurante,Internacional
275,Restaurante,Loma Linda,Paseo de la Reforma 1105,Lomas de Chapultepec,Miguel Hidalgo,11000.0,Restaurante,Mexicana
276,Restaurante,Miyako,Avenida Periférico Sur 4690 local 190 y 191,Jardines del Pedregal,Coyoacán,4500.0,Restaurante buffet,Internacional
277,Restaurante,El Puente,Avenida Tláhuac 4285,La Asunción,Tláhuac,13000.0,Restaurante,Internacional
278,Restaurante,El Mesón De Los Leones,Allende 161,Del Carmen,Coyoacán,4100.0,Restaurante,Internacional
279,Restaurante,Aqui Esta Texcoco,California #97,Parque San Andrés,Coyoacán,40401.0,,
280,Restaurante,Restaurante Yardas,20 de Agosto 1,San Diego Churubusco,Coyoacán,4120.0,Restaurante,Mexicana
281,Restaurante,Restaurante El Entrevero,Jardín Centenario 14 C,Villa Coyoacán,Coyoacán,4000.0,Restaurante,Mexicana
282,Restaurante,Restaurantes Fondas El Morral,Avenida Miguel Ángel de Quevedo 808,Barrio La Concepción,Coyoacán,4020.0,Restaurante buffet,Mexicana
283,Restaurante,Los Churros De Valle,Prado Norte 341 C,Lomas de Chapultepec,Miguel Hidalgo,11000.0,Restaurante,Internacional
284,Restaurante,Pequeña Italia,Hera 38,Crédito Constructor,Benito Juárez,3940.0,Restaurante,Internacional
285,Restaurante,La Jima,Anatole France 98,Polanco,Miguel Hidalgo,11560.0,Restaurante,Mexicana
286,Restaurante,Los Parados,Monterrey 339,Roma Sur,Cuauhtémoc,6760.0,Restaurante,Mexicana
287,Restaurante,Mesón Del Quijote,Diagonal San Antonio 1411,Narvarte Poniente,Benito Juárez,3020.0,Restaurante,Mexicana
288,Restaurante,Restaurante Bar Oasis,Avenida Tezontle 133,Doctor Alfonso Ortiz Tirado,Iztapalapa,9020.0,Restaurante,Mexicana
289,Restaurante,Antiguo San Ángel Inn,Diego Rivera 50,San Ángel Inn,Álvaro Obregón,1060.0,Restaurante,Mexicana
290,Restaurante,Hooters,Insurgentes Sur No. 2018,Hacienda de Guadalupe Chimalistac,Álvaro Obregón,1050.0,,
291,Restaurante,Sir Winston Churchill´S,Avenida Manuel Ávila Camacho 67,Polanco,Miguel Hidalgo,11560.0,Restaurante,Inglesa
292,Restaurante,Potzollcalli Iztapalapa,Calzada Ermita Iztapalapa 256,Sinatel,Iztapalapa,9470.0,Restaurante,Mexicana
293,Restaurante,El Tizoncito,Avenida Canal de Miramontes 2872,Jardines de Coyoacán,Coyoacán,4890.0,Taquerías y Torterías,Mexicana
294,Restaurante,Restaurant Xaloixco,Avenida Zaragoza 5,Tula (San Pedro Actopan),Milpa Alta,12200.0,Restaurante,Mexicana
295,Restaurante,Mesa Mexicana,Avenida Ingenieros Militares 255,Lomas de Sotelo,Miguel Hidalgo,11200.0,Restaurante buffet,Mexicana
296,Restaurante,Chillis Grill & Bar,"Av. Insurgentes Sur. No, 643",Nápoles,Benito Juárez,3810.0,,
297,Restaurante,Hostería Santo Domingo,Belisario Domínguez 70 72,Centro,Cuauhtémoc,6010.0,Restaurante,Mexicana
298,Restaurante,Nautilus,Avenida Presidente Masaryk 360,Polanco,Miguel Hidalgo,11560.0,Restaurante,Del Mar
299,Restaurante,Restaurantes California Tláhuac,Avenida Tláhuac 1404,Lomas Estrella,Iztapalapa,9880.0,Restaurante buffet,Mexicana
300,Restaurante,Restaurantes California La Ronda,Calzada la Ronda 88,Ex hipódromo de Peralvillo,Cuauhtémoc,6250.0,Restaurante buffet,Mexicana
301,Restaurante,Restaurantes California Insurgentes,Avenida Insurgentes Sur 1291,San José Insurgentes,Benito Juárez,3900.0,Restaurante buffet,Mexicana
302,Restaurante,Restaurantes California Las Torres,Avenida de las Torres 446,Olivar de los Padres,Álvaro Obregón,1780.0,Restaurante buffet,Mexicana
303,Restaurante,Restaurantes California Revolución,Avenida Revolución 780 módulo 1,San Juan,Benito Juárez,3730.0,Restaurante buffet,Mexicana
304,Restaurante,Vips Perisur,Avenida Insurgentes Sur 3195,Insurgentes Cuicuilco,Coyoacán,4530.0,Cafetería,Internacional
305,Restaurante,Restaurantes Toks Santo Domingo Centro,"Leandro Valle, No. 4",Centro,Cuauhtémoc,6020.0,,
306,Restaurante,Restaurante Atalaya,Prolongación Bosques de Reforma 1813 local 21 y 22,Lomas de Vista Hermosa,Cuajimalpa de Morelos,5100.0,Restaurante,Internacional
307,Restaurante,Restaurante Plaza,Hamburgo 195,Juárez,Cuauhtémoc,6600.0,Restaurante buffet,Internacional
308,Restaurante,Al Vino,Hamburgo 195,Juárez,Cuauhtémoc,6600.0,Restaurante buffet,Internacional
309,Restaurante,Potzollcalli Xola,Eje 4 Sur Xola 32,Álamos,Benito Juárez,3400.0,Restaurante,Regional
310,Restaurante,Topolino,Reforma 3,Barrio Santa Catarina,Coyoacán,4010.0,Restaurante,Mexicana
311,Restaurante,La Parrilla Suiza,Fernando 65,Álamos,Benito Juárez,3400.0,,
312,Restaurante,Pizzería Tutulli,Avenida Tláhuac 5383,Los Olivos,Tláhuac,13210.0,Restaurante,Italiana
313,Restaurante,Vips,Tláhuac No. 5662,San Lorenzo Tezonco,Iztapalapa,9790.0,,
314,Restaurante,Domino´S Pizza,Avenida Juárez 160,Zapotitlán,Tláhuac,13209.0,Comida rapida,Internacional
315,Restaurante,Café De Tacuba,Tacuba 28,Centro,Cuauhtémoc,6010.0,Restaurante,Mexicana
316,Restaurante,El Cardenal,Av. Juárez No. 70,Centro,Cuauhtémoc,5060.0,,
317,Restaurante,Restaurant Bar México Viejo,Tacuba 87,Centro,Cuauhtémoc,6000.0,Restaurante buffet,Mexicana
318,Restaurante,Covadonga,Puebla 121,Roma Norte,Cuauhtémoc,6700.0,Restaurante,Española
319,Restaurante,Centro Asturiano Polanco,Arquímedes 4,Polanco,Miguel Hidalgo,11560.0,Restaurante,Española
320,Restaurante,Marie Callender´S,Avenida Insurgentes Sur 1168,Del Valle Centro,Benito Juárez,3100.0,Restaurante,Internacional
321,Restaurante,Friday´S,Avenida Vasco de Quiroga 3800 locales 437 y 440,Santa Fe Cuajimalpa,Cuajimalpa de Morelos,5348.0,Restaurante,Internacional
322,Restaurante,Sirloin Stuckade,Avenida Altamirano 46  local 9B,Tizapán,Álvaro Obregón,1090.0,Restaurante buffet,Carnes
323,Restaurante,El Bajío,Avenida Cuitláhuac 2709,Obrero Popular,Azcapotzalco,2840.0,Restaurante,Mexicana
324,Restaurante,Restaurante Barbacoa De Santiago,Avenida San Antonio 57,Nápoles,Benito Juárez,3810.0,Restaurante,Mexicana
325,Restaurante,Hacienda De Jamaica,Avenida Morelos 536,Magdalena Mixiuhca,Venustiano Carranza,15850.0,Restaurante buffet,Mexicana
326,Restaurante,Mesón Del Buen Tunar,Jardín Centenario 4 local 2,Villa Coyoacán,Coyoacán,4000.0,Restaurante,Mexicana
327,Restaurante,Vips,Av. Dicisión del Norte No. 3651,San Pablo,Coyoacán,4620.0,,
328,Restaurante,Al Andalus,Mesones 171,Centro,Cuauhtémoc,6090.0,Restaurante,Española
329,Restaurante,Fuji,Rio Panuco 128,Cuauhtémoc,Cuauhtémoc,6500.0,Restaurante,Japonesa
330,Restaurante,Cambalache Insurgentes,Avenida Insurgentes Sur 1384,Del Valle Centro,Benito Juárez,3100.0,Restaurante,Carnes
331,Restaurante,Wings Homero,Boulevard Manuel Ávila Camacho 201,Polanco,Miguel Hidalgo,11510.0,Restaurante,Internacional
332,Restaurante,Costa Dorada,Avenida Ejército Nacional 648,Polanco,Miguel Hidalgo,11560.0,Restaurante,Del Mar
333,Restaurante,Los Canarios De Masaryk,Goldsmith 66,Polanco,Miguel Hidalgo,11560.0,Restaurante,Española
334,Restaurante,The Palm,Campos Eliseos No. 218,Polanco Chapultepec,Miguel Hidalgo,11560.0,,
335,Restaurante,Fonda El Refugio,"Liverpool, No.166",Juárez,Cuauhtémoc,6600.0,,
336,Restaurante,Piantao,Avenida San Fernando 649  I,Peña Pobre,Tlalpan,14060.0,Restaurante,Argentina
337,Restaurante,Restaurante El Candelero,Avenida Insurgentes Sur 1333,Insurgentes Mixcoac,Benito Juárez,3920.0,Restaurante,Mexicana
338,Restaurante,El Sabor Del Tiempo,Altadena 8,Nápoles,Benito Juárez,3810.0,Restaurante,Mexicana
339,Restaurante,Parrilla Suiza Montevideo,Avenida Montevideo 117,Lindavista Norte,Gustavo A. Madero,7300.0,,
340,Restaurante,Wings Perisur,Avenida Periférico 4690 locales 210 y 216,Jardines del Pedregal,Coyoacán,4500.0,Restaurante,Internacional
341,Restaurante,Balmoral,Campos Eliseos No. 218,Polanco Chapultepec,Miguel Hidalgo,11560.0,,
342,Restaurante,El Gran León De Oro,Mercaderes 21,San José Insurgentes,Benito Juárez,3900.0,Restaurante,Internacional
343,Restaurante,Wings 20 De Noviembre,Avenida Félix Cuevas 540,Del Valle Centro,Benito Juárez,3100.0,Restaurante,Internacional
344,Restaurante,Chazz,Avenida Insurgentes Sur 1971 local 90,Guadalupe Inn,Álvaro Obregón,1020.0,Restaurante,Internacional
345,Restaurante,Los Bisquets Bisquets Obregón,Avenida Insurgentes Sur 1971 local 250,Guadalupe Inn,Álvaro Obregón,1020.0,Restaurante,Mexicana
346,Restaurante,Hostal De Los Quesos,Pilares No. 205,Del Valle Centro,Benito Juárez,3100.0,,
347,Restaurante,Restaurante Biarritz,Avenida Insurgentes Sur 470 D,Roma Sur,Cuauhtémoc,6760.0,Restaurante,Mexicana
348,Restaurante,Maralunga,Avenida San Jerónimo 14,Tizapán,Álvaro Obregón,1090.0,Restaurante,Internacional
349,Restaurante,La Ki-K,Fernando Montes de Oca 42,Condesa,Cuauhtémoc,6140.0,Restaurante,Mexicana
350,Restaurante,Cucara Macara,Avenida Capitán Carlos León sin número edificio B local 25 29 nivel 2,Peñón de los Baños,Venustiano Carranza,15520.0,Restaurante,Mexicana
351,Restaurante,Restaurante Gino´S,Avenida Insurgentes Sur 1386,Del Valle Centro,Benito Juárez,3100.0,Restaurante,Italiana
352,Restaurante,Daruma,Avenida Porfirio Díaz 534,Noche Buena,Benito Juárez,3720.0,Restaurante,Japonesa
353,Restaurante,Orfeo Catalá,Marsella 45,Juárez,Cuauhtémoc,6600.0,Restaurante,Española
354,Restaurante,Restaurante Bar Los Uruguayos,Atlixco 38 A,Condesa,Cuauhtémoc,6140.0,Restaurante,Carnes
355,Restaurante,Beer Factory Santa Fe,Avenida Vasco de Quiroga 3800 local 580,Paseo de las Lomas,Álvaro Obregón,1330.0,Restaurante,Internacional
356,Restaurante,Restaurante Saks,Plaza San Jacinto 9,San Ángel,Álvaro Obregón,1000.0,Restaurante,Internacional
357,Restaurante,Toks Villa Latina,Avenida Periférico Sur 3375,Tlalpan,Tlalpan,14000.0,Restaurante,Mexicana
358,Restaurante,Non Solo Pasta,Avenida Julio Verne 89 1,Polanco,Miguel Hidalgo,11560.0,Restaurante,Italiana
359,Restaurante,China Inn,Euler 7,Polanco,Miguel Hidalgo,11560.0,Restaurante,China
360,Restaurante,El Fogoncito,Rio Mixcoac 59,Crédito Constructor,Benito Juárez,3940.0,Taquerías y Torterías,Mexicana
361,Restaurante,Brasil Copacabana,Avenida San Juan de Dios 497,Prado Coapa,Tlalpan,14350.0,Taquerías y Torterías,Mexicana
362,Restaurante,Súper Cocina Del Valle,Adolfo Prieto 1047,Del Valle Centro,Benito Juárez,3100.0,Fondas y cocinas económicas,Mexicana
363,Restaurante,Café Punta Del Cielo,Avenida Altamirano 46,Tizapán,Álvaro Obregón,1090.0,Cafetería,Internacional
364,Restaurante,Centro Gallego,Colima 194,Roma Norte,Cuauhtémoc,6700.0,Restaurante,Española
365,Restaurante,El Huarache,Campeche 171,Roma Sur,Cuauhtémoc,6760.0,Restaurante,Mexicana
366,Restaurante,Kentucky Fried Chicken,Calzada del Hueso número 503,Los Girasoles,Coyoacán,4920.0,Comida rapida,Internacional
367,Restaurante,La Casa De Cantera,Avenida Yucatán 147,Roma Norte,Cuauhtémoc,6700.0,Restaurante buffet,Carnes
368,Restaurante,Fernandos,Capuchinos 6 local B,San José Insurgentes,Benito Juárez,3900.0,Taquerías y Torterías,Mexicana
369,Restaurante,Sushi Tai,Avenida Coyoacán 2000 1509,Xoco,Benito Juárez,3330.0,Comida rapida,Japonesa
370,Restaurante,Nushka,Avenida Cuauhtémoc 251A,Roma Sur,Cuauhtémoc,6760.0,Cafetería,Internacional
371,Restaurante,Parrilla Leonesa,Insurgentes Sur No.86,Juárez,Cuauhtémoc,6600.0,,
372,Restaurante,El Huequito,Republica Del Salvador No. 42,Centro,Cuauhtémoc,6000.0,,
373,Restaurante,El Huequito,Gante No. 1 Local 1,Centro,Cuauhtémoc,6000.0,,
374,Restaurante,Centro Ecoturistico Papanuhaya,"Camino de los Dinamos, Km.2.5",San Nicolás Totolapan,La Magdalena Contreras,10910.0,,
375,Restaurante,Restaurante Roosevelt,"Av. Insurgentes Sur, No.287",Hipódromo,Cuauhtémoc,6100.0,,
376,Restaurante,Chilis Grill & Bar,Avenida Canal de Miramontes No. 3155,Vergel Coapa,Tlalpan,14320.0,,
377,Restaurante,Starbucks Coffee,Paseo de la Reforma No. 69,Tabacalera,Cuauhtémoc,6030.0,,
378,Restaurante,Starbucks Coffee,Avenida Horacio No. 326,Chapultepec,Miguel Hidalgo,11570.0,,
379,Restaurante,Starbucks Coffee,Avenida Patriotismo No. 229,San Pedro de los Pinos,Benito Juárez,3800.0,,
380,Restaurante,Starbucks Coffee,Autopista Lateral México-Toluca No. 1235,Santa Fe Cuajimalpa,Cuajimalpa de Morelos,5109.0,,
381,Restaurante,Starbucks Coffee,Tlaxcala No. 209,Hipódromo,Cuauhtémoc,6100.0,,
382,Restaurante,Starbucks Coffee,Capitán León S/N,Aeropuerto,Venustiano Carranza,15620.0,,
383,Restaurante,Starbucks Coffee,Avenida Miguel Ángel de Quevedo No. 225,Romero de Terreros,Coyoacán,2070.0,,
384,Restaurante,Starbucks Coffee,Calzada de Tlalpan No. 962 y 964,Nativitas,Benito Juárez,4310.0,,
385,Restaurante,Starbucks Coffee,Boulevard Xola No. 1159,Narvarte Poniente,Benito Juárez,3020.0,,
386,Restaurante,Starbucks Coffee,"Avenida Carlos Gref Fernández,154",Tlaxala,Cuajimalpa de Morelos,5300.0,,
387,Restaurante,El Bajio (Lindavista),Avenida Río Bamba 589,Magdalena de las Salinas,Gustavo A. Madero,7760.0,,
388,Restaurante,Starbucks Coffee,"Bosques de Durazno, 39",Bosque de las Lomas,Miguel Hidalgo,11700.0,,
389,Restaurante,Starbucks Coffee,Avenida José María Castorena 320,Cuajimalpa,Cuajimalpa de Morelos,5000.0,,
390,Restaurante,Dominos Pizza,Av. Tlahuac No. 3662,San Lorenzo Tezonco,Iztapalapa,9790.0,,
391,Restaurante,Starbucks Coffee,Calle Amberes No.1,Juárez,Cuauhtémoc,6000.0,,
392,Restaurante,Starbucks Coffee,Avenida Cuauhtémoc No. 462,Narvarte,Benito Juárez,3020.0,,
393,Restaurante,Starbucks Coffee,Av. Miguel Angel de Quevedo No.287,Romero de Terreros,Coyoacán,4310.0,,
394,Restaurante,Starbucks Coffee,Av. Paseo de la Reforma No.80,Centro,Cuauhtémoc,6000.0,,
395,Restaurante,Dominos Pizza,Av. Aquiles Serdán No. 1193,Tierra Nueva,Azcapotzalco,2130.0,,
396,Restaurante,Dominos Pizza,Legaria Num 252,Pensil,Miguel Hidalgo,11430.0,,
397,Restaurante,Dominos Pizza,"Calzada Ignacio Zaragoza, No. 2717",Tepalcates,Iztapalapa,9210.0,,
398,Restaurante,Dominos Pizza,"Calle Egipto, No. 142",Egipto,Azcapotzalco,2080.0,,
399,Restaurante,Dominos Pizza,"Avenida Ignacio Zaragoza, No. 270",Santa Cruz Aviación,Venustiano Carranza,15540.0,,
400,Restaurante,Dominos Pizza,"Avenida Vasco de Quiroga, No. 3850",Santa Fe,Cuajimalpa de Morelos,5109.0,,
401,Restaurante,Dominos Pizza,"Lago Alberto, No. 320",Anáhuac,Miguel Hidalgo,11320.0,,
402,Restaurante,Starbucks Coffee,Avenida Camino a Santa Teresa No. 1055,Héroes de Padierna,La Magdalena Contreras,10700.0,,
403,Restaurante,Starbucks Coffee,Avenida Santa Fe No. 94,No Específica,Álvaro Obregón,1210.0,,
404,Restaurante,Starbucks Coffee,Avenida Coyoacán No. 2000,Coyoacán,Benito Juárez,3330.0,,
405,Restaurante,Dominos Pizza,"Carretera Picacho al Ajusco, No. 741",Colinas del Ajusco,Tlalpan,14208.0,,
406,Restaurante,Dominos Pizza,"Av. Álvaro Obregón, No. 92",La Guadalupe,La Magdalena Contreras,10910.0,,
407,Restaurante,Starbucks Coffee,Pilares No. 541-Bis,Del Valle,Benito Juárez,3100.0,,
408,Restaurante,Starbucks Coffee,Avenida Paseo de la Reforma No. 255,Cuauhtémoc,Cuauhtémoc,6500.0,,
409,Restaurante,Starbucks Coffee,Plaza Luis Cabrera No. 5,Roma,Cuauhtémoc,6700.0,,
410,Restaurante,Starbucks Coffee,Insurgentes Sur No. 4184,La Joya,Tlalpan,14000.0,,
411,Restaurante,Starbucks Coffee,Av. Prolongación Paseo de la Reforma No. 400,Peña Blanca,Álvaro Obregón,1210.0,,
412,Restaurante,Starbucks Coffee,Damas No. 130,San José Insurgentes,Benito Juárez,3900.0,,
413,Restaurante,Starbucks Coffee,Avenida Sonora No. 180,Hipódromo Condesa,Cuauhtémoc,6170.0,,
414,Restaurante,Starbucks Coffee,Palenque No. 202,Narvarte,Benito Juárez,3020.0,,
415,Restaurante,Starbucks Coffee,Guillermo González Camarena No. 2000,Centro,Álvaro Obregón,1210.0,,
416,Restaurante,Starbucks Coffee,Avenida 510 340,San Juan de Aragón,Gustavo A. Madero,7950.0,,
417,Restaurante,Starbucks Coffee,Avenida Jaime Balmes No.8,Los Morales,Miguel Hidalgo,11510.0,,
418,Restaurante,Starbucks Coffee,Avenida Miguel Othon de Mendizabal 343,No Específica,Gustavo A. Madero,7738.0,,
419,Restaurante,Starbucks Coffee,Av. Félix Cuevas No. 374,Del Valle,Benito Juárez,3100.0,,
420,Restaurante,Starbucks Coffee,Ejército Nacional No. 579,Granada,Miguel Hidalgo,11520.0,,
421,Restaurante,Starbucks Coffee,Avenida Canal De Miramontes No. 2053,Los Girasoles,Coyoacán,4920.0,,
422,Restaurante,Starbucks Coffee,Avenida Paseo de la Reforma No. 374,Juárez,Cuauhtémoc,6600.0,,
423,Restaurante,Starbucks Coffee,Avenida De Los Insurgentes No. 1405,Insurgentes Mixcoac,Benito Juárez,3910.0,,
424,Restaurante,Starbucks Coffee,Boulevard Adolfo López Mateos No. 4690,Jardines del Pedregal,Coyoacán,4500.0,,
425,Restaurante,Dominos Pizza,"Av. Municipio Libre Eje 7 Sur, S/N",Santa Cruz Atoyac,Benito Juárez,3310.0,,
426,Restaurante,Starbucks Coffee,Galileo No. 8,Polanco,Miguel Hidalgo,11590.0,,
427,Restaurante,Starbucks Coffee,Calzada De Los Leones No. 145,Las Águilas,Álvaro Obregón,1710.0,,
428,Restaurante,Dominos Pizza,Cerro de los Hornos 15,Copilco Universidad,Coyoacán,4360.0,,
429,Restaurante,Vips,Ac. Cuauhtémoc No. 19-A,Roma,Cuauhtémoc,6700.0,,
430,Restaurante,Vips,Av. Río Churubusco No. 583,Sector Popular,Iztapalapa,9060.0,,
431,Restaurante,Vips,Río Churubusco No. 1120,Infonavit Iztacalco,Iztacalco,8900.0,,
432,Restaurante,Vips,Av. Contreras No. 32,San Jerónimo,La Magdalena Contreras,10200.0,,
433,Restaurante,Vips,Acoxpa No. 744-A,San Bartolo Coapa,Tlalpan,14390.0,,
434,Restaurante,Vips,Prolongación División del Norte No. 4901,San Lorenzo La Cebada,Xochimilco,16010.0,,
435,Restaurante,Vips,Cañaverales No. 222,Granjas Coapa,Tlalpan,14330.0,,
436,Restaurante,Vips,Durango No. 259,Condesa,Cuauhtémoc,6140.0,,
437,Restaurante,Vips,Av. Cuauhtémoc No. 533 y 537,Narvarte Poniente,Benito Juárez,3020.0,,
438,Restaurante,Vips,Av. Paseo de la Reforma No. 180,Juárez,Cuauhtémoc,6600.0,,
439,Restaurante,Vips,Lago Alberto No. 320,Granada,Miguel Hidalgo,11520.0,,
440,Restaurante,Vips,Av. Horacio No. 203,Chapultepec Morales,Miguel Hidalgo,11570.0,,
441,Restaurante,Vips,Ignacio Ramírez No. 15,San Rafael,Cuauhtémoc,6470.0,,
442,Restaurante,Vips,Legaria No. 252,Pensil,Miguel Hidalgo,11430.0,,
443,Restaurante,Vips,Av. Presidente Masaryk No. 29,Chapultepec Morales,Miguel Hidalgo,11570.0,,
444,Restaurante,Vips,Avenida Montevideo 109,Lindavista,Gustavo A. Madero,7300.0,,
445,Restaurante,Vips,Miguel Othón de Mendizábal 343,Industrial Vallejo,Gustavo A. Madero,7700.0,,
446,Restaurante,Vips,Calzada de Guadalupe 206,Vallejo,Gustavo A. Madero,7870.0,,
447,Restaurante,Sanborns,Boulevard Manuel Ávila Camacho  50,Lomas de Chapultepec,Miguel Hidalgo,11000.0,,
448,Restaurante,Sanborns,Av. San Fernando 649,Peña Pobre,Tlalpan,14060.0,,
449,Restaurante,Sanborns,Av. Universidad 1000,Santa Cruz Atoyac,Benito Juárez,3300.0,,
450,Restaurante,Debbie & Peponne Healthy Food And Bakery,Avenida Javier Barros Sierra No. 540,Santa Fe,Álvaro Obregón,1376.0,,
451,Restaurante,Debbie & Peponne Healthy Food And Bakery,Avenida Santa Fé No. 90 Lk 02,Zedec,Álvaro Obregón,1219.0,,
452,Restaurante,Partners And Brothers Roma,Av. Oaxaca No. 79,Roma,Cuauhtémoc,6700.0,,Carnes
453,Restaurante,Pasteleria Alcazar,Diez #36,San Pedro de los Pinos,Benito Juárez,3800.0,,Otra
454,Restaurante,Sanborns,Venustiano Carranza73,Centro,Cuauhtémoc,6010.0,,
455,Restaurante,Restaurante - Bar Diana,Avenida Paseo de la Reforma No. 439,Cuauhtémoc,Cuauhtémoc,6500.0,,
456,Restaurante,Ponte Vecchio,Calle Florencia 61,Juárez,Cuauhtémoc,6600.0,,Otra
457,Restaurante,El Portón,Calzada San Juan de Aragón 516,DM Nacional,Gustavo A. Madero,7090.0,,
458,Restaurante,El Portón,Avenida M. Othon de Mendizabal 343,Nueva Industrial Vallejo,Gustavo A. Madero,7700.0,,
459,Restaurante,El Portón,"Av. Canal de Tezontle, No. 1520",Doctor Alfonso Ortiz Tirado,Iztapalapa,9020.0,,
460,Restaurante,El Portón,"Av. Melchor Ocampo, No. 193",Anáhuac,Miguel Hidalgo,11320.0,,
461,Restaurante,El Portón,"Parroquia, No. 1031",Santa Cruz Otoyac,Benito Juárez,3310.0,,
462,Restaurante,El Portón,"Av. Insurgentes Norte, No. 151-E",Guerrero,Cuauhtémoc,6300.0,,
463,Restaurante,Sanborns,Antonio Dovalí Jaime 70,Santa Fe,Álvaro Obregón,1210.0,,
464,Restaurante,Sanborns,Insurgentes Sur 1266,Del Valle,Benito Juárez,3100.0,,
465,Restaurante,Sanborns,Av. Cuauhtémoc 462,Narvarte,Benito Juárez,3600.0,,
466,Restaurante,Sanborns,Av. Juárez 52,Centro,Cuauhtémoc,6050.0,,
467,Restaurante,Chilis Grill & Bar,"Av. Canal de Tezontle, No. 1520 A",Doctor Alfonso Ortiz Tirado,Iztapalapa,9020.0,,
468,Restaurante,Chilis Grill & Bar,"Cañaverales, No. 222",Granjas Coapa,Tlalpan,14330.0,,
469,Restaurante,Canalla Bistro,Av. Ejercito Nacional No.769,Granada,Miguel Hidalgo,11560.0,,
470,Restaurante,The Palm,Av. Juan Salvador Agraz No.97,Las Tinajas,Cuajimalpa de Morelos,5370.0,,
471,Restaurante,Chilis Grill & Bar,"Av. Acoxpa, No. 430",Ex Hacienda Coapa,Tlalpan,14340.0,,
472,Restaurante,Burger King,"Calle Lago Zurich, No. 245",Granada,Miguel Hidalgo,11320.0,,
473,Restaurante,Chilis Grill & Bar,"Av. Juárez, No. 30",Centro,Cuauhtémoc,6050.0,,
474,Restaurante,Chilis Grill & Bar,"Av. del Imán, No. 151",Pedregal de Carrasco,Coyoacán,4700.0,,
475,Restaurante,Burger King,"Avenida Juárez, No. 30",Centro,Cuauhtémoc,6050.0,,
476,Restaurante,Sanborns,Fray Servando Teresa de Mier 647,Jardín Balbuena,Venustiano Carranza,15020.0,,
477,Restaurante,Chilis Grill & Bar,Avenida Instituto Politécnico Nacional 1855,Lindavista,Gustavo A. Madero,7300.0,,
478,Restaurante,Chilis Grill & Bar,"Av. Universidad. No, 1098",Xoco,Benito Juárez,3330.0,,
479,Restaurante,Coffee Cart,Avenida Juárez No. 70,Centro,Cuauhtémoc,6010.0,,
480,Restaurante,Debbie & Peponne Healthy Food And Bakery,"Londres, No.162-201",Juárez,Cuauhtémoc,6600.0,,
481,Restaurante,Restaurante Los Dones,Avenida Juarez No. 70,Centro,Cuauhtémoc,6010.0,,
482,Restaurante,Lobby - Bar Britania,José María Lafragua No. 7,Tabacalera,Cuauhtémoc,6030.0,,
483,Restaurante,Bar La Terraza,José María Lafragua No. 7,Tabacalera,Cuauhtémoc,6030.0,,
484,Restaurante,Restaurant Cluny,Av. De la paz No.57 Loc.4,San Ángel,Álvaro Obregón,1000.0,,
485,Restaurante,Papa Bill´S,Seneca No.349,Polanco II,Miguel Hidalgo,11560.0,,
486,Restaurante,Buena Fe Polanco,Calderon de la Barca No.108,Polanco,Miguel Hidalgo,11550.0,,
487,Restaurante,Sanborns Cafe,División del Norte 1042,Vértiz Narvarte,Benito Juárez,3600.0,,
488,Restaurante,Sanborns Cafe,Antonio Caso 52,Tabacalera,Cuauhtémoc,6030.0,,
489,Restaurante,Sanborns Cafe,Coyoacán 1494,Del Valle,Benito Juárez,3100.0,,
490,Restaurante,Sanborns Cafe,Insurgentes Norte 1816,Lindavista,Gustavo A. Madero,7300.0,,
491,Restaurante,Sanborns Cafe,Insurgentes 239,Condesa,Cuauhtémoc,6700.0,,
492,Restaurante,Thai Gardens,"Moliere, No. 44",Polanco,Miguel Hidalgo,11560.0,,
493,Restaurante,Friday´S,"Av. Lago Alberto, No. 320- JAS01",Granada,Miguel Hidalgo,11520.0,,
494,Restaurante,Piso Ejecutivo,"Tres, No.55",Lomas de Santa Fe,Álvaro Obregón,1219.0,,
495,Restaurante,Squizzita,"Moliere, No.353",Polanco,Miguel Hidalgo,11550.0,,
496,Restaurante,Burger King,"Calzada Ermita Iztapalapa, No. 1511",El Molino,Iztapalapa,9830.0,,
497,Restaurante,Burger King,"Marina Nacional, No. 152",Anáhuac,Miguel Hidalgo,11320.0,,
498,Restaurante,Burger King,Calzada de Guadalupe 725,Aragón la Villa,Gustavo A. Madero,7000.0,,
499,Restaurante,Burger King,"Av Canal de Miramontes, No. 2600",Ex Hacienda Coapa,Coyoacán,4980.0,,
500,Restaurante,Burger King,Av. Cuauhtémoc. No. 20,Roma Sur,Cuauhtémoc,6760.0,,
501,Restaurante,Burger King,"Anfora, No. 71",Madero,Venustiano Carranza,15360.0,,
502,Restaurante,Burger King,Avenida La Ventisca 100,Solidaridad Nacional,Gustavo A. Madero,7268.0,,
503,Restaurante,Burger King,Av. Cuitláhuac. No. 3328,Clavería,Azcapotzalco,2080.0,,
504,Restaurante,Burger King,"Av. Plutarco Elias Calles, No. 970",Reforma Iztlacihuatl Norte,Iztacalco,8810.0,,
505,Restaurante,Burger King,"Andador Bolivar, No. 23",Centro,Cuauhtémoc,6020.0,,
506,Restaurante,Burger King,"Blvd. Miguel de Cervantes Saavedra, No. 397",Irrigación,Miguel Hidalgo,11500.0,,
507,Restaurante,Acacia,"Av. Moliere, No.353",Polanco,Miguel Hidalgo,11550.0,,
508,Restaurante,Burger King,Othon de Mendizabal Oriente 343,Nueva Industrial Vallejo,Gustavo A. Madero,7700.0,,
509,Restaurante,Papabill´S,"Rio Guadalquivir, No.88",Cuauhtémoc,Cuauhtémoc,6500.0,,
510,Restaurante,Lobby Bar,Av. Juárez No. 70,Centro,Cuauhtémoc,6010.0,,
511,Restaurante,Bar El Sol,"Boulevard Aeropuerto, No.380",Moctezuma,Venustiano Carranza,15530.0,,
512,Restaurante,Café Colibrí Azcapotzalco,Calle Jardín Hidalgo No. 11,Azcapotzalco,Azcapotzalco,2000.0,,
513,Restaurante,Canalla Bistro,Av. Ejército Nacional No.769,Granada,Miguel Hidalgo,11560.0,,
514,Restaurante,Centro Nocturno Scala,Av. Revolución 333,Tacubaya,Miguel Hidalgo,11870.0,,Otra
515,Restaurante,Sanborns,Miguel Othon de Mendizabal 445,La Escalera,Gustavo A. Madero,7300.0,,
516,Restaurante,Sanborns,Calle Cinco No. 17,Agrícola Oriental,Iztacalco,8100.0,,
517,Restaurante,Sanborns,José Vasconcelos No. 106,San Miguel Chapultepec,Miguel Hidalgo,11850.0,,
518,Restaurante,Sanborns,Reforma No. 222,Juárez,Cuauhtémoc,6600.0,,
519,Restaurante,La Decima,Victor Hugo 108,Chapultepec Morales,Miguel Hidalgo,11570.0,,
520,Restaurante,Sanborns,Central de Abastos No. 1635,Central de Abastos,Iztapalapa,9040.0,,
521,Restaurante,Sanborns,Parroquia  No. 179,Del Valle,Coyoacán,3100.0,,
522,Restaurante,Sanborns,Calzada de los Misterios No.62,Ex hipódromo de Peralvillo,Cuauhtémoc,6250.0,,
523,Restaurante,Sanborns,Insurgentes Norte No. 70,Santa María La Ribera,Cuauhtémoc,6400.0,,
524,Restaurante,Restaurante Bar Medellín,Medellín No.170,Roma,Cuauhtémoc,6700.0,,
525,Restaurante,Maple,Av. Uruguay No.109-C,Centro,Cuauhtémoc,6060.0,,
526,Restaurante,Lobby Bar,Calle Tres No. 55,Lomas de Santa Fe,Álvaro Obregón,1219.0,,
527,Restaurante,Cabanna,Av. Presidente Masarik 134,Chapultepec Polanco,Miguel Hidalgo,11560.0,,
528,Restaurante,Los Arcos Insurgentes,Av. Insurgentes Sur 1390,Actipan,Benito Juárez,3230.0,,
529,Restaurante,Pf Chang´S China Bistro,"Av. Presidente Masaryk, No.214",Chapultepec Morales,Miguel Hidalgo,11570.0,,
530,Restaurante,Pf Chang´S China Bistro,Avenida Río Bamba 589,Magdalena de las Salinas,Gustavo A. Madero,7760.0,,
531,Restaurante,Pf Chang´S China Bistro,"Lago Zurich, No. 245",Granada,Miguel Hidalgo,11529.0,,
532,Restaurante,Pf Chang´S China Bistro,"Av. Paseo de la Reforma, No. 222",Juárez,Cuauhtémoc,6600.0,,
533,Restaurante,Restaurante Gales,Doctor Velasco No.17,Doctores,Cuauhtémoc,6720.0,,
534,Restaurante,La Destileria Reforma,"Av. Paseo de la Reforma, No.222",Juárez,Cuauhtémoc,6600.0,,
535,Restaurante,The Capital Grille,"Av. Paseo de la Reforma, No.250 L-2F01",Juárez,Cuauhtémoc,6600.0,,
536,Restaurante,Olive Garden Reforma,"Av. Paseo de la Reforma No. 250, L 2F - 02",Juárez,Cuauhtémoc,6600.0,,
537,Restaurante,Olive Garden Parque Delta,"Av. Cuauhtémoc No. 462, Local RA - 08",Narvarte,Benito Juárez,3023.0,,
538,Restaurante,Olive Garden Coapa,"Canal de Miramontes No.2053, L-2",Los Girasoles,Coyoacán,4420.0,,
539,Restaurante,Bar La Isla,Av. Canal Río Churubusco 1635,Central de Abastos,Iztapalapa,9040.0,,
540,Restaurante,Restaurante Bar Los Portales,República de Brasil No. 25,Centro,Cuauhtémoc,6010.0,,
541,Restaurante,Roof Garden,"Segunda Privada de San Ángel Inn, No.4",Lomas de San Ángel Inn,Álvaro Obregón,1790.0,,
542,Restaurante,Au Pied De Cochon,Campos Eliseos No. 218,Polanco,Miguel Hidalgo,11560.0,,
543,Restaurante,Bistro,Mariano Escobedo No.700,Nueva Anzures,Miguel Hidalgo,11590.0,,
544,Restaurante,Chapulin,Campos Eliseos No. 218,Polanco,Miguel Hidalgo,11560.0,,
545,Restaurante,Restaurant La Casa De La Luna,Bolivar No. 57,Centro,Cuauhtémoc,6000.0,,
546,Restaurante,Cantina Salón Casino,Dr.José María Vertiz No.199,Doctores,Cuauhtémoc,6720.0,,
547,Restaurante,Restaurante La Zarzuela,Calzada de Guadalupe 195,7 de Noviembre,Gustavo A. Madero,7840.0,,
548,Restaurante,Hooters,Rio Lerma No. 203,Cuauhtémoc,Cuauhtémoc,6500.0,,
549,Restaurante,Restaurante Pajares,"Oklahoma, No.13",Nápoles,Benito Juárez,3810.0,,
550,Restaurante,Antiguo Palacio De Coyoacán,Parque Centenario No. 15,Villa Coyoacán,Coyoacán,4000.0,,Mixta
551,Restaurante,Restaurante Bar La Terraza De Los Amigos,Lerdo 322,San Simón Tolnahuac,Cuauhtémoc,2920.0,Restaurante,Mexicana
552,Restaurante,Dualidad Bistrot,Querétaro 39,Roma Norte,Cuauhtémoc,6700.0,Restaurante,Francesa
553,Restaurante,La Fonda Del Recuerdo,Bahía de las Palmas,Veronica Anzures,Miguel Hidalgo,11300.0,Restaurante,Mexicana
554,Arrendadora de autos,Grupo Coyoacán,Avenida Coyoacán 47,Del Valle,Benito Juárez,3100.0,Nacional,
555,Arrendadora de autos,Casanova Rent Card,Avenida Patriotismo 735,San Juan,Benito Juárez,3730.0,Nacional,
556,Arrendadora de autos,Rent a Car,Avenida Patriotismo 297,San Pedro de los Pinos,Benito Juárez,3800.0,Internacional,
557,Arrendadora de autos,Asua,Avenida Patriotismo 299,San Pedro de los Pinos,Benito Juárez,3800.0,Nacional,
558,Arrendadora de autos,Promusa Rent Miramontes,Avenida Canal de Miramontes 2537,Prados de Coyoacán,Coyoacán,4810.0,Nacional,
559,Arrendadora de autos,Alamo Rent a Car,Paseo de la Reforma 157 B,Cuauhtémoc,Cuauhtémoc,6500.0,Internacional,
560,Arrendadora de autos,Advantage Rent a Car,Dinamarca 62,Juárez,Cuauhtémoc,6600.0,Internacional,
561,Arrendadora de autos,AVIS,Av. Paseo de la Reforma,Juárez,Cuauhtémoc,6600.0,Internacional,
562,Arrendadora de autos,Already Rent a Car,Lisboa 45 C,Juárez,Cuauhtémoc,6600.0,Nacional,
563,Arrendadora de autos,Premier Rent a Car,Avenida Insurgentes Sur 30,Juárez,Cuauhtémoc,6600.0,Nacional,
564,Arrendadora de autos,Combi Rent,Tonalá 255,Roma Norte,Cuauhtémoc,6700.0,Nacional,
565,Arrendadora de autos,Transportación Turística y Ejecutiva Chapultepec,Gobernador Rafael Rebollar 124,San Miguel Chapultepec,Miguel Hidalgo,11850.0,Nacional,
566,Arrendadora de autos,AVIS,Av. Cúspide,Parques del Pedregal,Tlalpan,14020.0,Internacional,
567,Arrendadora de autos,Thrifty,Boulevard Puerto Aéreo sala E 2  sala internacional local 9,Peñón de los Baños,Venustiano Carranza,15520.0,Internacional,
568,Arrendadora de autos,Caprice Rent a Car,Mérida 88 local E,Peñón de los Baños,Venustiano Carranza,15520.0,Nacional,
569,Arrendadora de autos,AVIS,Av. Sonora SN  Col Peñón de los Baños,Peñón de los Baños,Venustiano Carranza,15520.0,Internacional,
570,Arrendadora de autos,National Car Rental,Antonio Dovali No. 70,Lomas de Santa Fé,Álvaro Obregón,1219.0,Internacional,
571,Arrendadora de autos,National Car Rental,Parroquia No. 1056 (Interior Hotel Holiday Inn Plaza Universidad),Santa Cruz Atoyac,Benito Juárez,3310.0,Internacional,
572,Guías de Turistas,Elvia Estela Gutiérrez Santos,"Salónica, No. 48",Clavería,Azcapotzalco,2080.0,General (NOM08),
573,Guías de Turistas,Sergio Enrique Gutiérrez Santos,"Salónica, No. 48",Clavería,Azcapotzalco,2080.0,General (NOM08),
574,Guías de Turistas,Marilú Vargas Sánchez,Lauro Villar No.21,Providencia,Azcapotzalco,2440.0,General (NOM08),
575,Guías de Turistas,Eduardo Ocampo Trejo,Díaz de Velazco No.28,San Juan Tlihuaca,Azcapotzalco,2400.0,General (NOM08),
576,Guías de Turistas,Rodolfo Guzman Santiago,Hacienda de la Purísima #59,Prados del Rosario,Azcapotzalco,2410.0,General (NOM08),
577,Guías de Turistas,Eveline Brom Klanner,"Av. Universidad, No.1900, Edif.35, Depto.301",Altillo Universidad,Coyoacán,4350.0,General (NOM08),
578,Guías de Turistas,Óscar Ernesto Olguín Quiroz,"Cuahutemoc, Mz. 3, Lt. 7",Ajusco,Coyoacán,4300.0,General (NOM08),
579,Guías de Turistas,David Antonio Castillo Salcedo,"Retorno Rancho del Arco, No. 98, Depto. 201",Los Girasoles II,Coyoacán,8830.0,General (NOM08),
580,Guías de Turistas,Jorge Isaac Alfaro Del Valle,"Mar de La Serenidad, No.2",Los Olivos,Coyoacán,4890.0,General (NOM08),
581,Guías de Turistas,David Martin Villasana Suverza,Fut Bol No.124,Country Club Churubusco,Coyoacán,4220.0,General (NOM08),
582,Guías de Turistas,Fernando Platas Pacheco,Av. México No.215,Del Carmen,Coyoacán,4100.0,General (NOM08),
583,Guías de Turistas,Eduardo Pérez Morales,Retorno 51 No.29,Avante,Coyoacán,4460.0,General (NOM08),
584,Guías de Turistas,Ismael Pedraza Pichardo,"Crepusculo, No.53",Insurgentes Cuicuilco,Coyoacán,4350.0,General (NOM08),
585,Guías de Turistas,Claudia Cristell Marin Berttolini,Av. Universidad No. 1900,Oxtopulco Universidad,Coyoacán,4318.0,General (NOM08),
586,Guías de Turistas,José Arturo Viezca Vizuet,"Abasolo, No.132",Del Carmen,Coyoacán,4100.0,General (NOM08),
587,Guías de Turistas,Roberto Quirarte Méndez,Privada Rinconada de los Juegos Edificio Doña Blanca No. 401,Pedregal Carrasco,Coyoacán,4700.0,General (NOM08),
588,Guías de Turistas,María Del Rosario Ramírez García,Oriente 81 4212,Malinche,Gustavo A. Madero,7899.0,General (NOM08),
589,Guías de Turistas,Xochitl González Morales,Santiago 5a,Tepeyac Insurgentes,Gustavo A. Madero,7020.0,General (NOM08),
590,Guías de Turistas,Adela Mendoza Soylovna,"Calle 623, 109",San Juan de Aragón,Gustavo A. Madero,7979.0,General (NOM08),
591,Guías de Turistas,Carolina Gallardo Vargas,Octavio Senties 11,Ampliación Benito Juárez,Gustavo A. Madero,7259.0,General (NOM08),
592,Guías de Turistas,Alma Nelly Piña Pérez,Benjamin Godard 68-11,Guadalupe Victoria,Gustavo A. Madero,7790.0,General (NOM08),
593,Guías de Turistas,Karen Yarim Ramírez Juárez,"Avenida 595, 24",San Juan de Aragón III Sección,Gustavo A. Madero,7970.0,General (NOM08),
594,Guías de Turistas,Gerardo Ascencio Rivera,Puerto Topolobampo 20,Ampliación Casas Alemán,Gustavo A. Madero,7580.0,General (NOM08),
595,Guías de Turistas,Luis Alberto García Moreno,Tuxpán 8,Cuautepec de Madero,Gustavo A. Madero,7200.0,General (NOM08),
596,Guías de Turistas,Enrique Baker Yescas Macías,"Avenida 525, 248",San Juan de Aragón,Gustavo A. Madero,7920.0,General (NOM08),
597,Guías de Turistas,Pablo Israel Velázquez Gallegos,Calle 6 8,Progreso Nacional,Gustavo A. Madero,7600.0,General (NOM08),
598,Guías de Turistas,Sergio Gutiérrez Dorantes,IPN Lote 11 Manzana 60,Zona Escolar,Gustavo A. Madero,7230.0,General (NOM08),
599,Guías de Turistas,Juan Carlos Riveros Alva,Antonio Roanova Vargas 275,Zona Escolar,Gustavo A. Madero,7230.0,General (NOM08),
600,Guías de Turistas,Francisco Javier Megia Morales,Francisco Sarabia 17,Loma de La Palma,Gustavo A. Madero,7160.0,General (NOM08),
601,Guías de Turistas,Marina Vsevolodovna Kobizeva,"Avenida Esteros 74, 221",Residencia Acueducto de Guadalupe,Gustavo A. Madero,7279.0,General (NOM08),
602,Guías de Turistas,Oscar Marban Silva,Norte 60 - A 3654,Mártires de Río Blanco,Gustavo A. Madero,7880.0,General (NOM08),
603,Guías de Turistas,Juan José Cruz Hernández,"Calle 11, 140",Progreso Nacional,Gustavo A. Madero,7600.0,General (NOM08),
604,Guías de Turistas,Carlos Hernández Tapia,Estela 9,Guadalupe Tepeyac,Gustavo A. Madero,7840.0,General (NOM08),
605,Guías de Turistas,Mike Aurelio Velázquez Galindo,Calle Jose Antonio Gamboa 34,Constitución de la República,Gustavo A. Madero,7469.0,General (NOM08),
606,Guías de Turistas,Luis Fernando Ortiz Martinez,Cerrada juan Francisco 4,Pueblo San Juan de Aragón,Gustavo A. Madero,7950.0,General (NOM08),
607,Guías de Turistas,Alejandro Rogelio Medra Marquez,Rio Grande 16,25 de Julio,Gustavo A. Madero,7520.0,General (NOM08),
608,Guías de Turistas,Francisco Israel Issac Solano Álvarez,Avenida Martín Carrera 77,Martín Carrera,Gustavo A. Madero,7070.0,General (NOM08),
609,Guías de Turistas,Eduardo Raul Amador Alquicira,Eduardo Molina,Vasco de Quiroga,Gustavo A. Madero,7440.0,General (NOM08),
610,Guías de Turistas,José Luis Castillo García,Azahares 14,Juan González Romero,Gustavo A. Madero,7410.0,General (NOM08),
611,Guías de Turistas,Ana Carolina Acosta Zamarripa,Larin 40,Industrial,Gustavo A. Madero,7800.0,General (NOM08),
612,Guías de Turistas,Antonio Lázaro Cázares Serrano,Retorno Guadarrama 25,Unidad CTM,Gustavo A. Madero,7090.0,General (NOM08),
613,Guías de Turistas,Carmelo Aurelio Bonilla Alvarez,Avenida Ferrocarril Hidalgo 1337,Tablas de San Agustín,Gustavo A. Madero,7860.0,General (NOM08),
614,Guías de Turistas,María Elba Ortega Rodríguez,Cuauhtémoc No.39,San Pedro,Iztacalco,8220.0,General (NOM08),
615,Guías de Turistas,José Antonio Aranzabal Bravo,"Playa Guitarrón, No.562",Reforma Iztaccihuatl,Iztacalco,8840.0,General (NOM08),
616,Guías de Turistas,Angel Ismael Fernández Barrios,Oriente 243 No. 44-9,Agrícola Oriental,Iztacalco,8500.0,General (NOM08),
617,Guías de Turistas,Sergio Jesús Lopéz Vega,"Francisco del Paso, Mz.14",Picos de Iztacalco,Iztacalco,8770.0,General (NOM08),
618,Guías de Turistas,Guillermo López Rojas,"Oriente 249 A, No. 116",Agrícola Oriental,Iztacalco,8500.0,General (NOM08),
619,Guías de Turistas,Alfredo Ramírez García,Cda. José Ma. Emparan #148,Campamento 2 de Octubre,Iztacalco,8930.0,General (NOM08),
620,Guías de Turistas,Raúl López Tello Navarro,Sur 123 No.2004,Gabriel Ramos Millán,Iztacalco,8730.0,General (NOM08),
621,Guías de Turistas,Leonardo Bolaños Hernández,Estudios San Angel Inn No.30,Jardines Tecma,Iztacalco,8920.0,General (NOM08),
622,Guías de Turistas,Eduardo Rivera Rivera,Oriente 227 No. 158,Agrícola Oriental,Iztacalco,8500.0,General (NOM08),
623,Guías de Turistas,Paola Ortega Guzmán,"Oriente, No. 249 - D, Sección F1",Agrícola Oriental,Iztacalco,8500.0,General (NOM08),
624,Guías de Turistas,Mario Soto Coyotzi,Calzada Javier Rojo Gomez No. 10-A,Barrio San Miguel,Iztapalapa,9360.0,General (NOM08),
625,Guías de Turistas,Antonio Aniceto Saavedra Ojeda,Niños Héroes No. 45,Lomas de Zaragoza,Iztapalapa,9620.0,General (NOM08),
626,Guías de Turistas,José Manuel Solar Martínez,"Río Atoyac, No. 48",Valle de San Lorenzo Tezonco,Iztapalapa,9970.0,General (NOM08),
627,Guías de Turistas,Elizabeth Sánchez Piña,"Juan Escutia, Mz. 116, Lt. 22",Guadalupe del Moral,Iztapalapa,9300.0,General (NOM08),
628,Guías de Turistas,Sixta Pérez Hernández,"Av. Canal de Garay, Mz. 11, Lt. 40",Lomas de San Lorenzo,Iztapalapa,9780.0,General (NOM08),
629,Guías de Turistas,Antonio Humberto Suárez Arroyo,"Libertad, No. 103",San Lucas,Iztapalapa,9000.0,General (NOM08),
630,Guías de Turistas,Ricardo Romero Ramos,"Calle 2 de Luis Araiza, No. 34",Unidad Vicente Guerrero,Iztapalapa,9200.0,General (NOM08),
631,Guías de Turistas,Ricardo Palacios Castañeda,"Calle 2a. Luis Araiza, No. 136",Unidad Vicente Guerrero,Iztapalapa,9200.0,General (NOM08),
632,Guías de Turistas,Laura Bibiana Rejón Mejía,Av. Plutarco Elías Calles No.902,San Andrés Tetepilco,Iztapalapa,9440.0,General (NOM08),
633,Guías de Turistas,Ana Maria Mejía Burgueño,Av. Plutarco Elías Calles No.902,San Andrés Tetepilco,Iztapalapa,9440.0,General (NOM08),
634,Guías de Turistas,Jaime Duarte Carbajal,Calle 53 No.38,Unidad Habitacional Santa Cruz Meyehualco,Iztapalapa,9290.0,General (NOM08),
635,Guías de Turistas,Julio Cesar García López,Av. 4 Francisco Mena No.1,Unidad Habitacional Vicente Guerrero,Iztapalapa,9200.0,General (NOM08),
636,Guías de Turistas,José Antonio Martínez Valdéz,"Av. Apatlaco, No. 339",Nueva Rosita,Iztapalapa,9420.0,General (NOM08),
637,Guías de Turistas,David Arturo Muñiz García,Siracusa No.240 A1-301,Carlos Longitud Barrios,Iztapalapa,9897.0,General (NOM08),
638,Guías de Turistas,Irina Turbiner,"Progreso, No.39",Barranca Seca,La Magdalena Contreras,10580.0,General (NOM08),
639,Guías de Turistas,Constantino Alvarez Cadena,Av. Tamaulipas Sur No.166,Barrio Los Angeles,Milpa Alta,12000.0,General (NOM08),
640,Guías de Turistas,Elba Leticia Villanueva Herrera,Fco. P. Miranda F-5-24,Lomas de Plateros,Álvaro Obregón,1480.0,General (NOM08),
641,Guías de Turistas,León Sandoval Rodríguez,"Río Mixcoac, No. 504",La Cascada,Álvaro Obregón,1490.0,General (NOM08),
642,Guías de Turistas,Sergio Alejandro Pérez García,"Prol. 5 de Mayo, No. 727, Casa. 1",Lomas de Tarango,Álvaro Obregón,1620.0,General (NOM08),
643,Guías de Turistas,Roberto Quiñonez Sánchez,"Av. José Gálvez Moya, Calle 4, No. 26",La Martinica,Álvaro Obregón,1619.0,General (NOM08),
644,Guías de Turistas,José Luis Pérez Castañeda,Antigua Vía La Venta No.14,Lomas de Becerra,Álvaro Obregón,1279.0,General (NOM08),
645,Guías de Turistas,Luis Mauricio Guerrero Amador,"Calle 26, No. 60",Olivar del Conde,Álvaro Obregón,1408.0,General (NOM08),
646,Guías de Turistas,Mario Eduardo Soto Pérez,Nellie Campobello 604 No.129,Carola,Álvaro Obregón,1180.0,General (NOM08),
647,Guías de Turistas,Carlos Javier González Martínez,Juan Bautista No.450,La Nopalera,Tláhuac,13220.0,General (NOM08),
648,Guías de Turistas,Anamely Galicia Soriano,Verso Libre No.13,Jaime Torres Bodet,Tláhuac,13530.0,General (NOM08),
649,Guías de Turistas,Enrique Zamora Marin,Francisco Presa No. 55,San Sebastián,Tláhuac,16730.0,General (NOM08),
650,Guías de Turistas,Fernando Yúdico Romo,Candelilla 58-303,Rincón de las Hadas,Tlalpan,14390.0,General (NOM08),
651,Guías de Turistas,Carlos Callejas,Terraplen No.52,Hacienda San Juan,Tlalpan,14370.0,General (NOM08),
652,Guías de Turistas,Salvador García Martínez,Nahoas No. 17,Tlalcoligia,Tlalpan,14430.0,General (NOM08),
653,Guías de Turistas,Sonia Alejandra Tellez Estrada,Nahoas No. 17,Tlalcoligia,Tlalpan,14430.0,General (NOM08),
654,Guías de Turistas,Alejandro Reyes García,Carretera Picacho Ajusco S/N,Pueblo Santo Tomás Ajusco,Tlalpan,14710.0,General (NOM08),
655,Guías de Turistas,Ricardo Sánchez García,Carretera Picacho Ajusco S/N,Valle del Tezontle,Tlalpan,14710.0,General (NOM08),
656,Guías de Turistas,Luis Abraham Rodríguez Arellano,Andador Armenta Mz3 Lt17,Isidro Fabela,Tlalpan,14030.0,General (NOM08),
657,Guías de Turistas,Francisco De La Torre Peñuelas,Cerrada C de Jose Garcia Preciat No.16,Ampliación Miguel Hidalgo,Tlalpan,14250.0,General (NOM08),
658,Guías de Turistas,Luz Clara Somuano Cervantes,"Tecoh, Mz. 118 Lt. 4",Pedregal de San Nicolás,Tlalpan,14100.0,General (NOM08),
659,Guías de Turistas,José Arturo Güendulain Kimsi,Yucalpeten No. 372,Héroes de Padierna,Tlalpan,14200.0,General (NOM08),
660,Guías de Turistas,Raymundo Sandoval Flores,"Violeta, No. 135",Xaltocan,Xochimilco,16090.0,General (NOM08),
661,Guías de Turistas,Ciro Vargas Cortes,Av. 5 de Mayo No.29,Barrio Santa Crucita,Xochimilco,16070.0,General (NOM08),
662,Guías de Turistas,José Alberto Soto Delgado,Av. Las Rosas No.8,Ampliación Tepepan,Xochimilco,16029.0,General (NOM08),
663,Guías de Turistas,Claus Bergmann Vogel,Av. Acueducto No.645,Santiago Tepalcatlalpan,Xochimilco,16200.0,General (NOM08),
664,Guías de Turistas,Mariana Ernestina Montellano Arteaga,"Retorno 1 de Marco, No. 30-102",Rinconada del Sur,Xochimilco,16059.0,General (NOM08),
665,Guías de Turistas,Amado Herrera Figueroa,"Juan de Oca, No.12",Narvarte Oriente,Benito Juárez,3020.0,General (NOM08),
666,Guías de Turistas,Jorge Mendoza González,"Xola, No.62",Álamos,Benito Juárez,3400.0,General (NOM08),
667,Guías de Turistas,Narcizo Villanueva Villalobos,Zempoala No.353,Narvarte Oriente,Benito Juárez,3020.0,General (NOM08),
668,Guías de Turistas,Hugo Sergio Velasco Fuentes,"Concepción Méndez, No. 79, Int. 3",Antenor Salas,Benito Juárez,3010.0,General (NOM08),
669,Guías de Turistas,Iván José Arriaga Arriaga,"Filipinas, No. 804",Portales,Benito Juárez,3300.0,General (NOM08),
670,Guías de Turistas,Jose Enrique Calleros Lozano,Camino a Santa Cruz 70 - 5,Portales,Benito Juárez,3330.0,General (NOM08),
671,Guías de Turistas,Diana Ivonne Lamadrid Orozco,Emiliano Zapata No. 252,Santa Cruz Atoyac,Benito Juárez,3310.0,General (NOM08),
672,Guías de Turistas,Guadalupe Murillo Manríquez,"González de Cossio, No.208",Del Valle,Benito Juárez,3100.0,General (NOM08),
673,Guías de Turistas,Gerardo Delgado Valdivieso,Navarra No.62,Álamos,Benito Juárez,3400.0,General (NOM08),
674,Guías de Turistas,Abigail Bautista Juárez,Isabel la Católica 503 No.593,Álamos,Benito Juárez,3400.0,General (NOM08),
675,Guías de Turistas,Jose Luis Bolaños Cortes,Av. Morena No.1260,Narvarte,Benito Juárez,3020.0,General (NOM08),
676,Guías de Turistas,Hipolito Pineda Arce,Castilla No. 299,Postal,Benito Juárez,3410.0,General (NOM08),
677,Guías de Turistas,Juan Marrugat López,"Altamira, No. 927",Miravalle,Benito Juárez,3580.0,General (NOM08),
678,Guías de Turistas,Irma Gutiérrez Martínez,Amores No.27,Del Valle,Benito Juárez,3100.0,General (NOM08),
679,Guías de Turistas,Alberto Aguiñiga Arroyo,Av. Chapultepec No. 37 INT. A009,Centro,Cuauhtémoc,6070.0,General (NOM08),
680,Guías de Turistas,Maria Del Carmen Martinez Mendez,Bajio 131-24,Roma Sur,Cuauhtémoc,6760.0,General (NOM08),
681,Guías de Turistas,José Luis Vélez Molina,"Calle León y Gama, No.73",Obrera,Cuauhtémoc,6800.0,General (NOM08),
682,Guías de Turistas,Daniel Méndez Donis,"Velazquez de León, No.70, Depto.405",San Rafael,Cuauhtémoc,6470.0,General (NOM08),
683,Guías de Turistas,María Gabriela Cervantes Camarena,"Andrés Molina Enríquez, No.4204",Asturias,Cuauhtémoc,6850.0,General (NOM08),
684,Guías de Turistas,José Manuel Castro Ledesma,Joaquín García Icazbalceta No.64-1,San Rafael,Cuauhtémoc,6470.0,General (NOM08),
685,Guías de Turistas,María Magdalena Ruíz Palmieri,Av.Tamaulipas No.117,Condesa,Cuauhtémoc,6140.0,General (NOM08),
686,Guías de Turistas,Monica Kreislen Schechter De Klein,AV. México No. 203,Hipódromo Condesa,Cuauhtémoc,6100.0,General (NOM08),
687,Guías de Turistas,José Martín Recillas Rosales,Dr. Garcia Diego No.17,Doctores,Cuauhtémoc,6720.0,General (NOM08),
688,Guías de Turistas,Juan Reyes Hernández,"Insurgentes Norte, No. 783",San Simón Tolnáhuac,Cuauhtémoc,6920.0,General (NOM08),
689,Guías de Turistas,Alfonso Guadarrama,Serapio Rendón No. 95 -201A,San Rafael,Cuauhtémoc,6470.0,General (NOM08),
690,Guías de Turistas,Manuel Márquez Escalante,"Monterrey, No.276",Roma,Cuauhtémoc,6760.0,General (NOM08),
691,Guías de Turistas,Marco Antonio Reyes Kneitel,"Río Niágara, No. 9",Cuauhtémoc,Cuauhtémoc,6500.0,General (NOM08),
692,Guías de Turistas,Jesús Yepez Lugo,"Mesones, No. 46-D",Centro,Cuauhtémoc,6080.0,General (NOM08),
693,Guías de Turistas,Rachid Sebbah Fadli,Zacatecas No. 117,Roma,Cuauhtémoc,6700.0,General (NOM08),
694,Guías de Turistas,Martha Dora Loayza Espinoza,"Av. Medellin, No.311",Roma Sur,Cuauhtémoc,6760.0,General (NOM08),
695,Guías de Turistas,Caroline Bernadette Andrée Carayon,"Santo Tomas, No.58",Centro Histórico,Cuauhtémoc,6090.0,General (NOM08),
696,Guías de Turistas,Josefina Coral Montes De Oca García,"Doctor Norma, No.63",Doctores,Cuauhtémoc,6720.0,General (NOM08),
697,Guías de Turistas,Juan Peláez Gongora,Héroes No. 50-102,Guerrero,Cuauhtémoc,6300.0,General (NOM08),
698,Guías de Turistas,Juan Eduardo Peláez Mercado,Héroes No. 50-102,Guerrero,Cuauhtémoc,6300.0,General (NOM08),
699,Guías de Turistas,Tonalli Carrillo Castillo,República del Salvador No.171,Centro,Cuauhtémoc,6090.0,General (NOM08),
700,Guías de Turistas,Junko Chiba,Dr. Andrade No.24 A-201,Doctores,Cuauhtémoc,6720.0,General (NOM08),
701,Guías de Turistas,Alicia Monserrat Trinidad Flores,Av. Manuel Glez. No. 42 Int A-301,Nonoalco,Cuauhtémoc,6900.0,General (NOM08),
702,Guías de Turistas,Roberto Carlos Spíndola Flores,Tokio 84 Int.14,Juárez,Cuauhtémoc,6600.0,General (NOM08),
703,Guías de Turistas,Ángel López Becerra,Av. Ricardo Flores Magón 29,Nonoalco,Cuauhtémoc,6900.0,General (NOM08),
704,Guías de Turistas,José Fabricio Rivera Gómez,"Reforma, No. 500",Cuauhtémoc,Cuauhtémoc,6500.0,General (NOM08),
705,Guías de Turistas,Florina Bistraín Aranda,Rio Lerma No.259-E,Cuauhtémoc,Cuauhtémoc,6500.0,General (NOM08),
706,Guías de Turistas,Laura Medel De Pedro,Colima  401 No.225,Roma,Cuauhtémoc,6700.0,General (NOM08),
707,Guías de Turistas,Hiroaki Sanada,"Calle Cozume, No.5",Roma Norte,Cuauhtémoc,6700.0,General (NOM08),
708,Guías de Turistas,Roberto Guijosa Murgia,"Republica de Brasil, No.12",Centro Histórico,Cuauhtémoc,6000.0,General (NOM08),
709,Guías de Turistas,Gilberto Javier Tapia Rodriguez,Ave. Reforma Num. 439,Cuauhtémoc,Cuauhtémoc,6600.0,General (NOM08),
710,Guías de Turistas,Noriko Ozaki,"Puebla, No. 356-7",Roma Norte,Cuauhtémoc,6700.0,General (NOM08),
711,Guías de Turistas,Porfirio Murillo López,Ezequiel Montes No.79,Tabacalera,Cuauhtémoc,6030.0,General (NOM08),
712,Guías de Turistas,Luis Roberto Noguera Tejeda,Miguel Schultz No.13,San Rafael,Cuauhtémoc,6470.0,General (NOM08),
713,Guías de Turistas,Roberto Guijosa Murguia,Republica de Brasil No. 12,Centro Histórico,Cuauhtémoc,6000.0,General (NOM08),
714,Guías de Turistas,Roberto Martinez Camacho,Antonio García Cubas No. 219 BIS,Tránsito,Cuauhtémoc,6820.0,General (NOM08),
715,Guías de Turistas,Everardo Tellez Pulido,"Tokio, No.18 Bis",Juárez,Cuauhtémoc,6600.0,General (NOM08),
716,Guías de Turistas,Raul Torres Rueda,Av. Chapultepec No.646,San Miguel Chapultepec,Miguel Hidalgo,11850.0,General (NOM08),
717,Guías de Turistas,Annika Kristina Thorsson Gamback,Gregorio V. Gerati No.14-9,San Miguel Chapultepec,Miguel Hidalgo,11850.0,General (NOM08),
718,Guías de Turistas,Jose Manuel Zepeda Rodriguez,AV. Constituyentes No. 703 C-301,16 de Septiembre,Miguel Hidalgo,11810.0,General (NOM08),
719,Guías de Turistas,Juan Carlos Vega Martínez,Quetzalcóatl No.24,Tlaxpana,Miguel Hidalgo,11370.0,General (NOM08),
720,Guías de Turistas,Roberto Ernesto Valle Merchand,Lago Chapala No.41-3,Anáhuac,Miguel Hidalgo,11320.0,General (NOM08),
721,Guías de Turistas,Oscar Godoy Saldaña,Crisantema 3 No.6,Plutarco Elías Calles,Miguel Hidalgo,11350.0,General (NOM08),
722,Guías de Turistas,Alberto Felipe Zaldivar Suárez,Lago Chapala No.41,Anáhuac,Miguel Hidalgo,11320.0,General (NOM08),
723,Guías de Turistas,Dulce Zazil Silva López,Lago Yojoa No.23,Pensíl,Miguel Hidalgo,11430.0,General (NOM08),
724,Guías de Turistas,José Jorge Ruíz Chirino,"Campos Eliseos, No. 220",Polanco,Miguel Hidalgo,11580.0,General (NOM08),
725,Guías de Turistas,Jose Alberto Avilez León,Avenida Mexico Tacuba No. 1523,San Joaquín,Miguel Hidalgo,11230.0,General (NOM08),
726,Guías de Turistas,Antonio Rodriguez Mateos,Gral. Montesinos No. 52,Daniel Garza,Miguel Hidalgo,11830.0,General (NOM08),
727,Guías de Turistas,Rodolfo Miguel Figueroa Lopez,Aluminio No.197,Popular Rastro,Venustiano Carranza,15220.0,General (NOM08),
728,Guías de Turistas,Manuel Saturnino Martinez Sanchez,Siberia No. 199,Pensador Mexicano,Venustiano Carranza,15510.0,General (NOM08),
729,Guías de Turistas,Erika Alvarado López,Av. del Taller No. 791,Jardín Balbuena,Venustiano Carranza,15900.0,General (NOM08),
730,Guías de Turistas,Porfirio Mendez Salinas,"Hacienda y CPN, No.7",Federal,Venustiano Carranza,15700.0,General (NOM08),
731,Guías de Turistas,Emilio Jimenez Mendoza,Avicultura No. 101 Bis,20 de Noviembre,Venustiano Carranza,15300.0,General (NOM08),
732,Guías de Turistas,Jaime Martin Castillo Ortiz,"Nicolas León, No. 316, Int A - 5",Jardín Balbuena,Venustiano Carranza,15900.0,General (NOM08),
733,Guías de Turistas,David Tierrafria García,Norte 13 No.293,Moctezuma 2a. Sección,Venustiano Carranza,15530.0,General (NOM08),
734,Guías de Turistas,Nestor Baños Piña,Avenida 10 No. 95-4,Ignacio Zaragoza,Venustiano Carranza,15000.0,General (NOM08),
735,Guías de Turistas,Antonio Hernández Bejarano,Litografia No. 332,20 de Noviembre,Venustiano Carranza,15800.0,General (NOM08),
736,Guías de Turistas,MIGUEL ANGEL ALVAREZ ANGELES,"Calle 1543, 97",San Juan de Aragón,Gustavo A. Madero,7918.0,General (NOM08),
737,Guías de Turistas,Hector Enrique Ramírez Argueta,"Avenida 543, 209","Unidad San Juan de Aragón, 2A Sec",Gustavo A. Madero,7969.0,General (NOM08),
738,Guías de Turistas,Alberto Jorge Vázquez Martínez,Buenavista 76,Lindavista,Gustavo A. Madero,7300.0,General (NOM08),
739,Agencia Integradora De Servicios,Grupo Armazo Sa De Cv,Rotograbados 193,20 de Noviembre,Venustiano Carranza,15300.0,Agencia Integradora De Servicios,
740,Agencia Integradora De Servicios,"Emigrante, Integradora",Insurgentes Sur No. 1863-301-B,Guadalupe Inn,Álvaro Obregón,1020.0,Agencia Integradora De Servicios,
741,Agencia Integradora De Servicios,T&C,Angel Urraza 625,Del Valle Centro,Benito Juárez,3100.0,Agencia Integradora De Servicios,
742,Agencia Integradora De Servicios,Forza Eventos Y Convenciones,Av. Michocan 134 Dpto 2,Condesa,Cuauhtémoc,6140.0,Agencia Integradora De Servicios,
743,Agencia Integradora De Servicios,CM Social Events,Av. Baja California No. 274,Hipodromo,Cuauhtémoc,6100.0,Agencia Integradora De Servicios,
744,Agencia Integradora De Servicios,Remedios Producciones,Av Emiliano Zapata N° 112  Int. 502,Portales del Sur,Benito Juárez,3300.0,Agencia Integradora De Servicios,
745,Agencia Integradora De Servicios,Grupo Claibi,"Acueducto, No. 645",Santiago Tepalcatlapan,Xochimilco,16200.0,Agencia Integradora De Servicios,
746,Agencia Integradora De Servicios,Epconvenciones,Insurgentes Sur 1377 Piso 3,Insurgentes Mixcoac,Benito Juárez,3920.0,Agencia Integradora De Servicios,
747,Agencia Integradora De Servicios,Consultores en Congresos y Convenciones SA de CV,Mazatlan 5 Col Condesa C.P. 06140,Condesa,Cuauhtémoc,6140.0,Agencia Integradora De Servicios,
748,Agencia Integradora De Servicios,Hit Operadora,Wisconsin No. 13 Col Nápoles C.P. 03810,Nápoles,Benito Juárez,3810.0,Agencia Integradora De Servicios,
749,Agencia Integradora De Servicios,Business Travel Consulting,Avenida Insurgentes Sur No. 1388,Actipan,Benito Juárez,3230.0,Agencia Integradora De Servicios,
750,Agencia Integradora De Servicios,Servicio Integral en Grupos y Convenciones,"Av. Coyoacán, No.1211",Tlacoquemecatl del Valle,Benito Juárez,3100.0,Agencia Integradora De Servicios,
751,Agencia Integradora De Servicios,Innovacc,"Insurgentes Sur No. 1377, Piso 2",Insurgentes Mixcoac,Benito Juárez,3920.0,Agencia Integradora De Servicios,
752,Agencia Integradora De Servicios,Joining,"El Lindero, No.50",Residencial Villacoapa,Tlalpan,14390.0,Agencia Integradora De Servicios,
753,Agencia Integradora De Servicios,Corporación de Eventos Integrales,1A. Cerrada De Cuahtémoc No.4,Santa María Tepepan,Xochimilco,16020.0,Agencia Integradora De Servicios,
754,Agencia Integradora De Servicios,Especialistas En Eventos Medicos,Avenida Jardin 6B,Tlatilco,Azcapotzalco,2860.0,Agencia Integradora De Servicios,
755,Agencia Integradora De Servicios,Ole-Sfera,Avenida 3A 67 Interior 4,Santa Rosa,Gustavo A. Madero,7620.0,Agencia Integradora De Servicios,
756,Agencia Integradora De Servicios,"American Convenciones, S.A. de C.V.",Avenida Tláhuac No. 6820,Tlaltenco,Tláhuac,13400.0,Agencia Integradora De Servicios,
757,Agencia Integradora De Servicios,Yo Planner,Granados No.24,La Navidad,Cuajimalpa de Morelos,5210.0,Agencia Integradora De Servicios,
758,Agencia Integradora De Servicios,Castour Institution,Avenida Guadalupe 9 Interior 2,Guadalupe Proletaria,Gustavo A. Madero,7670.0,Agencia Integradora De Servicios,
759,Agencia Integradora De Servicios,Corporativo Grucevico,Felipe Carrillo Puerto 603 Int B 109,Legaria,Miguel Hidalgo,11410.0,Agencia Integradora De Servicios,
760,Agencia Integradora De Servicios,Sara Produccion,Calle. Providencia No. 4,Del Valle Centro,Benito Juárez,3100.0,Agencia Integradora De Servicios,
761,Agencia Integradora De Servicios,Family Adventour,Avenida Cañada Mz 325,Santiago Acahualtepec,Iztapalapa,9609.0,Agencia Integradora De Servicios,
762,Agencia Integradora De Servicios,Grupo Qs Xpert Solutions Mexico S.A. De C.V.,Trebol 26 Int 204,Santa María la Rivera,Cuauhtémoc,6400.0,Agencia Integradora De Servicios,
763,Agencia Integradora De Servicios,Reservaciones Y Eventos Traveleando Tours,Cda 2 Francisco I Madero 6,Viejo Ejido Santa Ursula Coapa,Coyoacán,4980.0,Agencia Integradora De Servicios,
764,Parques temáticos,Granja Las Américas,Bulevar del Pípila acceso 3,Lomas de Sotelo,Miguel Hidalgo,11200.0,,
765,Spas,"Four Seasons Hotel México, D.F.",Avenida Paseo de la Reforma 500,Juárez,Cuauhtémoc,6600.0,Spa,
766,Spas,JW Marriott Hotel México City,Andrés Bello 29,Polanco V sección,Miguel Hidalgo,11560.0,Spa,
767,Spas,Hotel Presidente México City,Campos Elíseos 218,Polanco V sección,Miguel Hidalgo,11560.0,Spa,
768,Spas,Hotel Habita,Avenida Presidente Masaryk  201,Polanco V sección,Miguel Hidalgo,11560.0,Spa,
769,Spas,Hotel Real del Sur,Avenida División del Norte 3640,El Reloj,Coyoacán,4640.0,Spa,
770,Spas,Hilton México City Reforma,AV. Juarez No.70,Centro,Cuauhtémoc,1610.0,Spa,
771,Spas,Belleza Permanente,Aniceto Ortega 1012,Del Valle Centro,Benito Juárez,3100.0,Spa,
772,Spas,Dermal Day Spa,Paseo de la Reforma 505 planta baja,Cuauhtémoc,Cuauhtémoc,6500.0,Spa,
773,Spas,Mar Aqua Spa,Insurgentes Sur 1650 interior 402,Florida,Álvaro Obregón,1020.0,Spa,
774,Spas,Celestial SPA,"Hamburgo, No.32",Juárez,Benito Juárez,6600.0,Spa,
775,Spas,Spa Liverpool,Mariano Escobedo No. 425,Polanco V Sección,Miguel Hidalgo,11570.0,Spa,
776,Tiempo compartido,Joya Vacations,AV. INSURGENTES SUR #753 PISO 6 INT. 6-B,Nápoles,Benito Juárez,3810.0,Tiempo compartido,
777,Tiempo compartido,Pacifica Resort Ixtapa,CALZADA DE TLALPAN 3604 2 Y 3 PISO,San Lorenzo,Tlalpan,14370.0,Tiempo compartido,
778,Tour Operador,Sistema Moderno de Viajes,Florencia 47,Juarez,Cuauhtémoc,6600.0,Tour Operador,
779,Tour Operador,Mexitours DMC & Grand Tour Operator,Marte No. 95 - 2 Col Guerrero C.P. 06300,Guerrero,Cuauhtémoc,6300.0,Tour Operador,
780,Tour Operador,Intervip,Avenida Félix Cuevas 329 edificio B 102,Del Valle Centro,Benito Juárez,3100.0,Tour Operador,
781,Tour Operador,Inter Cruises Operadora de Viajes,Avenida José María Rico 121 despacho 306,Actipan,Benito Juárez,3230.0,Tour Operador,
782,Tour Operador,Sat Mexico,"Av. Pedro Antonio de los Santos, No. 113",San Miguel Chapultepec,Miguel Hidalgo,11850.0,Tour Operador,
783,Tour Operador,Welcomex,Boulevard del Temoluco andador 22,Residencial Acueducto de Guadalupe,Gustavo A. Madero,7270.0,Tour Operador,
784,Tour Operador,Operadora Turística Zavatours,"Calzada Guadalupe 57, local D1",Maza,Cuauhtémoc,6270.0,Tour Operador,
785,Tour Operador,Taiyo Tour Operadora,Pitágoras 18,Piedad Narvarte,Benito Juárez,3000.0,Tour Operador,
786,Tour Operador,Omextur,Calle Alvaro Obregón 248,Roma Norte,Cuauhtémoc,6700.0,Tour Operador,
787,Tour Operador,Grupo Divisa,Ángel Albino Corzo 4612 interior 305 A,Gertrudis Sánchez 2a. Sección,Gustavo A. Madero,7839.0,Tour Operador,
788,Tour Operador,El Callejón del Viaje,Norte 81a n° 443,Electricistas,Azcapotzalco,2060.0,Tour Operador,
789,Tour Operador,Seven Tours,Nogal No. 80,Sanata María La Ribera,Cuauhtémoc,6400.0,Tour Operador,
790,Tour Operador,Tui México,"Tonalá, No. 121 int. 301",Roma Norte,Cuauhtémoc,6700.0,Tour Operador,
791,Tour Operador,Viajes de Gala,Cubier 101,Anzures,Miguel Hidalgo,11570.0,Tour Operador,
792,Tour Operador,Sianka´an viajes,"Atenas, No.32",Juarez,Cuauhtémoc,6600.0,Tour Operador,
793,Tour Operador,Phillips Turismo Internacional,"Av. Coyoacán 1878, Int. 606",Del Valle Centro,Benito Juárez,3100.0,Tour Operador,
794,Tour Operador,Viajes Khiva,"Tajín, No.698",Vertiz Narvarte,Benito Juárez,3600.0,Tour Operador,
795,Tour Operador,Turismo H Operador Receptivo,Paseo de la Reforma No. 30 - 2,Juarez,Cuauhtémoc,6600.0,Tour Operador,
796,Tour Operador,LTS Turismo Excelente,Boulevard Puerto Aéreo No. 51,Peñon de los Baños,Venustiano Carranza,15520.0,Tour Operador,
797,Tour Operador,Nefertari Travel Agency,"Insurgentes Sur No. 333, Ofna. 4",Hipódromo Condesa,Cuauhtémoc,6100.0,Tour Operador,
798,Tour Operador,Servicios Turísticos JADE,Cerrada de Cándido Avilés,Memetla,Cuajimalpa de Morelos,5330.0,Tour Operador,
799,Transportadora turística,Trans Mex,Santa Lucia Altos Edif. Michoacan 98 Hab. 52,Alfonso XIII,Álvaro Obregón,1460.0,Transportadora turística,
800,Transportadora turística,Viajero Star,Azucenas No.25,Mirador I,Tlalpan,14748.0,Transportadora turística,
801,Transportadora turística,Transportes Lipu,"Francisco I. Madero Nº 67, Piso 81.",Centro,Cuauhtémoc,6000.0,Transportadora turística,
802,Transportadora turística,Yucan Tours,Calle Cuauhtemoc Mz 50 Lt1,Ampliación Los Reyes,Iztapalapa,9849.0,Transportadora turística,
803,Transportadora turística,Yucan Tours,Mirador No. 160 B-512,El Mirador,Coyoacán,4950.0,Transportadora turística,
804,Transportadora turística,Transportes Aeromar S.A. DE C.V.,Hangar 1 Zona D,,Venustiano Carranza,15620.0,Transportadora turística,
805,Transportadora turística,ETN Turistar Lujo,Calle Saturno 39,Nueva  Industrial Vallejo,Gustavo A. Madero,7700.0,Transportadora turística,
806,Transportadora turística,Volaris,Av. Antonio Dovalí Jaime No. 70 Torre B Piso 13,Zedec Santa Fe,Álvaro Obregón,1210.0,Transportadora turística,
807,Transportadora turística,"Transportadora Ejecutiva y Turística Quiram, S.A. de C.V.","Henequén, No. 64 Int. 402",Infonavit Iztacalco,Iztacalco,8900.0,Transportadora turística,
808,Transportadora turística,Latam Airlines Group,Ignacio Ramírez No. 20-4,Tabacalera,Cuauhtémoc,6030.0,Transportadora turística,
809,Transportadora turística,Latam Airlines Group,"Ignacio Ramírez No. 20, 4 Piso",Tabacalera,Cuauhtémoc,6030.0,Transportadora turística,
810,Transportadora turística,Grupo Trombdu,Fuentes Brotantes 31,Portales Oriente,Benito Juárez,3570.0,Transportadora turística,
811,Transportadora turística,Space Tours S.A.DE C.V.,Libertad 22,San Alvarado,Azcapotzalco,2090.0,Transportadora turística,
812,Transportadora turística,Total México,Estrella No.171 F-103,Buenavista,Cuauhtémoc,6350.0,Transportadora turística,
813,Transportadora turística,"Turismo y Transportes Kutsi, S. de R.L. de C.V.","Colima, No.209-102",Roma Norte,Cuauhtémoc,6700.0,Transportadora turística,
814,Transportadora turística,CULTURA Y TRANSPORTACIÓN S.A DE C.V,"Linares, No.76 Col Roma Sur",Roma Sur,Cuauhtémoc,6760.0,Transportadora turística,
815,Transportadora turística,OMNIBUS DE ALBA,Soto 159,Guerrero,Cuauhtémoc,6300.0,Transportadora turística,
816,Transportadora turística,Turibus,Artilleros,10 de Mayo,Venustiano Carranza,15290.0,Transportadora turística,
817,Transportadora turística,Transportacion Turistica Mazatl,Puerto Mazatlan 289,La Pastora,Gustavo A. Madero,7290.0,Transportadora turística,
818,Transportadora turística,Unilat Transportes y Turismo,"Av. Presidente Masaryk, No. 14 Int. 101",Polanco Chapultepec,Miguel Hidalgo,11560.0,Transportadora turística,
819,Transportadora turística,Transportadora Turística García,Retorno 15 Galindo Y Villa 56A,Jardín Balbuena,Venustiano Carranza,15900.0,Transportadora turística,
820,Transportadora turística,Transportes Turísticos Gutierrez,Carretera  Federal A Cuernavaca Km. 23.5,San Andrés Totoltepec,Tlalpan,14400.0,Transportadora turística,
821,Transportadora turística,Copa Airlines,Berna No. 6,Juárez,Cuauhtémoc,6600.0,Transportadora turística,
822,Transportadora turística,Transpon,"Av. Paseo De La Reforma, No.393 Col Cuauhtémoc C.P. 06500",Cuauhtémoc,Cuauhtémoc,6500.0,Transportadora turística,
823,Transportadora turística,Fransac,"Avenida Leandro Valle, No.130",San Lorenzo Acopilco,Cuajimalpa de Morelos,5410.0,Transportadora turística,
824,Transportadora turística,Movesa,Av. Leandro Valle No.56,San Lorenzo Acopilco,Cuajimalpa de Morelos,5410.0,Transportadora turística,
825,Transportadora turística,David Tierrafria García,Norte 13 No.293,Moctezuma 2a Seccion,Venustiano Carranza,15530.0,Transportadora turística,
826,Transportadora turística,Air France,Av. Jaime Balmes No. 8,Los Morales Polanco,Miguel Hidalgo,11510.0,Transportadora turística,
827,Transportadora turística,Transportaciones Turisticas Satélite S.A. de C.V.,Calzada Ignacio Zaragoza No. 2082,Juan Escutia,Iztapalapa,9100.0,Transportadora turística,
828,Turismo alternativo,Oradiac,Camino Viejo a Topilejo 5,San Miguel Topilejo,Tlalpan,14500.0,Operadora,
829,Turismo alternativo,La Cima,Tlalpan 1037,Club de Golf México,Tlalpan,14620.0,Operadora,
830,Turismo alternativo,"Yacatecutli, Destinos Naturales",Calle 1  87 A 302,Agrícola Pantitlan,Iztacalco,8100.0,Operadora,
831,Turismo alternativo,Educamping Club,camino a San Francisco 7904,El Cedral,Xochimilco,16870.0,Operadora,
832,Turismo alternativo,Viento Verde,Gonzalo Garita  1  -  102,Miguel Hidalgo,Tlalpan,14250.0,Operadora,
833,Turismo alternativo,22KN,Avenida México 5510,Huichapan,Xochimilco,16030.0,Operadora,
834,Turismo alternativo,Outward Bound México,Calle General Antonio de León 45 interior 102,San Miguel Chapultepec,Miguel Hidalgo,11850.0,Operadora,
835,Turismo alternativo,Cooperativa Calpulli,Callejón San Juan 3 A,Barrio de San Juan,Tláhuac,13030.0,Operadora,
836,Agencia de viajes,Turimex Lucy,Hamburgo 70 104 bis,Juárez,Cuauhtémoc,6600.0,Mayorista,
837,Agencia de viajes,Felgueres Viajes Jovi,Río Guadalquivir 105 11,Cuauhtémoc,Cuauhtémoc,6500.0,Minorista,
838,Agencia de viajes,Ofertas Turística-Grupo Ofertur,Av. Alvaro Obregon 152,Roma Norte,Cuauhtémoc,6700.0,,
839,Agencia de viajes,Amaparo Servicios Turísticos,Monte Hermon 109,Lomas de Chapultepec,Miguel Hidalgo,11000.0,,
840,Agencia de viajes,Ollyn Tours,Colima 209 102,Roma Norte,Cuauhtémoc,6700.0,Mayorista,
841,Agencia de viajes,Nuevo Mundo,"Marsella 70, ACC",,Cuauhtémoc,6700.0,,
842,Agencia de viajes,Viamix,Luis Moya No.39,Centro Historico,Cuauhtémoc,6050.0,,
843,Agencia de viajes,Ao servicios turisticos,Colima 183 piso 1 planta alta,Roma Norte,Cuauhtémoc,6700.0,Mayorista,
844,Agencia de viajes,Grupo Travel,Avenida José María Vértiz 748,Narvate,Benito Juárez,3020.0,,
845,Agencia de viajes,Viajes Operadora Internacional S. A. de C. V.,Avenida Chapultepec 464 4,Roma Norte,Cuauhtémoc,6700.0,Minorista,
846,Agencia de viajes,Kinich Coyol Viajes,Avenida Chapultepec 536 A piso 2,Roma Norte,Cuauhtémoc,6700.0,Mayorista,
847,Agencia de viajes,Tardan Viajes,Durango 243 despacho 202,Roma Norte,Cuauhtémoc,6700.0,Minorista,
848,Agencia de viajes,Viajes Covamex,"Avenida Oaxaca, No.95",Roma Norte,Cuauhtémoc,6700.0,,
849,Agencia de viajes,Tip's Travel And Tour,Tuxpan 74,Roma Sur,Cuauhtémoc,6760.0,Mayorista,
850,Agencia de viajes,Sevasa,Tlacotalpan 140,Roma Sur,Cuauhtémoc,6760.0,Minorista,
851,Agencia de viajes,Vimsa Tours,Camargo No. 17,Hipodromo Condesa,Cuauhtémoc,6100.0,,
852,Agencia de viajes,Viajes cruceros,Thiers 148,Anzures,Miguel Hidalgo,11590.0,Mayorista,
853,Agencia de viajes,Plantur,Esperanza 30,La Cruz,Iztacalco,8310.0,Minorista,
854,Agencia de viajes,Viajes Jordán y Mac Gregor,Vito Alessio Robles 117 102,Ex Hacienda de Guadalupe Chimalistac,Álvaro Obregón,1050.0,Minorista,
855,Agencia de viajes,Turismo Miya,Insurgentes Sur  1188 Desp. 306,Del Valle,Benito Juárez,3200.0,,
856,Agencia de viajes,Viajes Zedena,Avenida Coyoacán 1058 planta baja B 101,Del Valle Centro,Benito Juárez,3100.0,Minorista,
857,Agencia de viajes,Maxitravel,Río Lerma 143 Despacho 503,Cuauhtémoc,Cuauhtémoc,6500.0,Minorista,
858,Agencia de viajes,Viajes Bumerang,Aguascalientes  23-C,Roma,Cuauhtémoc,6700.0,Minorista,
859,Agencia de viajes,Ketzaltour,Matías Romero 425 planta alta,Del Valle Centro,Benito Juárez,3100.0,Mayorista,
860,Agencia de viajes,Aviamex Tours de México,Carlos J. Finlay 10,Cuauhtémoc,Cuauhtémoc,6500.0,Mayorista,
861,Agencia de viajes,Viajes Ferrari,Niza No.11,Juarez,Cuauhtémoc,6600.0,,
862,Agencia de viajes,Viajes Amenos,Avenida Cuauhtémoc 273,Roma Norte,Cuauhtémoc,6700.0,Minorista,
863,Agencia de viajes,Boutique de Viajes,Manuel Ponce NO. 343  Local C,Guadalupe Inn,Álvaro Obregón,1020.0,,
864,Agencia de viajes,Viajes de Gala,Cuvier #101,Anzures,Miguel Hidalgo,11590.0,Mayorista,
865,Agencia de viajes,Convention Center Group,Av. De las Torres 1385,Francisco I. Madero,Iztacalco,52105.0,Mayorista,
866,Agencia de viajes,Viva Zapata,Río Niágara 52,Cuauhtémoc,Cuauhtémoc,6500.0,,
867,Agencia de viajes,Viajes Melissa,Moyobamba 273,Residencial Zacatenco,Gustavo A. Madero,7369.0,Minorista,
868,Agencia de viajes,Cosmo Educación,Av. De la paz 40,San Ángel,Álvaro Obregón,1000.0,Mayorista,
869,Agencia de viajes,Anz Tours,Río Nilo 80 despacho 301,Cuauhtémoc,Cuauhtémoc,6500.0,Mayorista,
870,Agencia de viajes,Agencia de Viajes Viva,Benjamin Hill 227,Condesa,Cuauhtémoc,6140.0,Minorista,
871,Agencia de viajes,Intermeeting,"Rio de la Magdalena n° 36, oficiona 201202",La otra banda,Álvaro Obregón,1090.0,,
872,Agencia de viajes,Euromundo,Xochicalco 174 planta baja,Narvarte Poniente,Benito Juárez,3020.0,Mayorista,
873,Agencia de viajes,American Express Company Mexico,Av. Patriotismo 635,Ciudad de los deportes,Benito Juárez,3710.0,,
874,Agencia de viajes,Selderos mexicanos,13 de Septiembre 22 B,Escandón,Miguel Hidalgo,11800.0,Minorista,
875,Agencia de viajes,El Mundo es Tuyo,Diagonal San Antonio No. 1218,Narvate,Benito Juárez,3020.0,,
876,Agencia de viajes,Viajes Toyo Mexicano,Campeche 217,Hipódromo,Cuauhtémoc,6100.0,Mayorista,
877,Agencia de viajes,Operadora Polinesia,Esparza Oteo 144 despacho 401,Guadalupe Inn,Álvaro Obregón,1020.0,Mayorista,
878,Agencia de viajes,Innovatur,Avenida Baja California 252 planta baja,Hipódromo Condesa,Cuauhtémoc,6170.0,Minorista,
879,Agencia de viajes,Nales Tourist Transportation Service,Chiapas 13,Roma Norte,Cuauhtémoc,6700.0,Minorista,
880,Agencia de viajes,Alico Tours,San Lorenzo manzana 46 piso 4,Tlacoquemecatl del Valle,Benito Juárez,3200.0,Mayorista,
881,Agencia de viajes,Alborada Viajes,Xicotencatl 85 despacho 201,Del Carmen,Coyoacán,4100.0,Minorista,
882,Agencia de viajes,Seminarios y Convenciones,Platón 414,Polanco Chapultepec,Miguel Hidalgo,11560.0,Mayorista,
883,Agencia de viajes,Guvi Tours,Mariano Azuela 219 3,Santa María la Ribera,Cuauhtémoc,6400.0,Minorista,
884,Agencia de viajes,"Uniexpress, S.A. de C.V.","Arquímedes, No. 31-23B",Polanco chapultepec,Miguel Hidalgo,11560.0,,
885,Agencia de viajes,Turismo Tohui,Av. Del iman 211,bosques deTetlameya,Coyoacán,4730.0,Minorista,
886,Agencia de viajes,Grupo Travel roma norte,"Calle Tabasco #226, planta baja",Roma Norte,Cuauhtémoc,6700.0,Minorista,
887,Agencia de viajes,Agencia de Viajes Pegaso,Calzada Ignacio Zaragoza No. 1506,Juan Escutia,Iztapalapa,1506.0,,
888,Agencia de viajes,Ola Tours,Av. Universidad 4824,Vertiz Narvarte,Benito Juárez,3600.0,Mayorista,
889,Agencia de viajes,"Setej México,",Durango 252 despacho 302,Roma Norte,Cuauhtémoc,6700.0,Mayorista,
890,Agencia de viajes,Albatros Operadora,Av. Yucatan No. 144-1,Roma Norte,Cuauhtémoc,6700.0,,
891,Agencia de viajes,South American Operator,Mariano Escobedo 724,Nueva Anzures,Miguel Hidalgo,11590.0,,
892,Agencia de viajes,Viajes Yeshua,Av. Xola No. 1703,Narvate,Benito Juárez,3020.0,Mayorista,
893,Agencia de viajes,Mundo Joven Travel Shop,"Av. Baja California suc 261, interior 1 y 2",Hipodromo,Cuauhtémoc,6100.0,Mayorista,
894,Agencia de viajes,Viga operadora,Bladeras 44419,Centro (area 5),Cuauhtémoc,6050.0,Mayorista,
895,Agencia de viajes,Intervip,Avenida Félix Cuevas 329 edificio B 102,Del Valle Centro,Benito Juárez,3100.0,,
896,Agencia de viajes,Prim,Calle Cacahuamilpa 23,Hipódromo,Cuauhtémoc,6100.0,,
897,Agencia de viajes,"Turismo Vemar, S.A. de C.V.","Av. Rio Mixcoac No.36, 1101 A",Actipan,Benito Juárez,3230.0,,
898,Agencia de viajes,Adalid Tours,Hacienda de La Escalera 11-A,Prado Coapa,Tlalpan,14357.0,,
899,Agencia de viajes,Turismo Intercultural,Adolfo Prieto 1133 B,Del Valle Centro,Benito Juárez,3100.0,Mayorista,
900,Agencia de viajes,Profetur,Londres 161,Juarez,Cuauhtémoc,6600.0,Mayorista,
901,Agencia de viajes,FCM,"Benjamin Hill, No.123",Condesa,Cuauhtémoc,6140.0,,
902,Agencia de viajes,Vemsa,"López Cotilla, No.1868",Del Valle,Benito Juárez,3100.0,,
903,Agencia de viajes,ABC international división México,Rio Balsas 40,Cuauhtémoc,Cuauhtémoc,6500.0,Minorista,
904,Agencia de viajes,Forza Travel,Avenida Michoacán 134 interior 2,Condesa,Cuauhtémoc,6140.0,Minorista,
905,Agencia de viajes,Pertours Operadores de México,Orozco y Berra193,Santa María la Ribera,Cuauhtémoc,6400.0,Mayorista,
906,Agencia de viajes,Viajes Jade,"Cerrada de Seminario 120, departamentos 701",Olivar de los padres,Álvaro Obregón,1780.0,,
907,Agencia de viajes,Viajes Bojorquez Condesa,Tula 65 A,Condesa,Cuauhtémoc,6140.0,Minorista,
908,Agencia de viajes,Sat México,Río Tiber 40 piso 6,Cuauhtémoc,Cuauhtémoc,6500.0,Minorista,
909,Agencia de viajes,Enfoque Turístico,Paseo de la Reforma 2620 piso 4,Lomas Altas,Miguel Hidalgo,11950.0,,
910,Agencia de viajes,Welcomex,Boulevard del Temoluco andador 22,Residencial Acueducto de Guadalupe,Gustavo A. Madero,7270.0,,
911,Agencia de viajes,Seopsa,Nápoles 81 1,Juárez,Cuauhtémoc,6600.0,Minorista,
912,Agencia de viajes,Taiyo Tour Operadora,Pitágoras 18,Piedad Narvarte,Benito Juárez,3000.0,,
913,Agencia de viajes,Viajes Bojorquez Arasa,Bremen 17 104,Portales Sur,Benito Juárez,3300.0,Mayorista,
914,Agencia de viajes,Anders Travel México,Rio Pichucalco No. 10,Paseos de Churubusco,Iztapalapa,9030.0,,
915,Agencia de viajes,Viajes Bojorquez La Villa Estrella,Talisman 90,Estrella,Gustavo A. Madero,7810.0,Minorista,
916,Agencia de viajes,Cóndor Verde Travel México,Avenida Universidad 989 interior 202,Del Valle Centro,Benito Juárez,3100.0,,
917,Agencia de viajes,Consultores en Recreación y recreación Cultura,Moctezuma 89,Del Carmen,Coyoacán,4100.0,,
918,Agencia de viajes,Tour And Travel Roldan,Avenida Juárez 97 despacho 301,Centro (Área 4),Cuauhtémoc,6040.0,Minorista,
919,Agencia de viajes,Otumex,Tonalá  121,Roma,Cuauhtémoc,6700.0,Mayorista,
920,Agencia de viajes,SBC Travel,Romero 70 interior 102A,Américas Unidas,Benito Juárez,3610.0,Mayorista,
921,Agencia de viajes,Viajes Libertad,Tepocatl 149,Pedregal de Santo Domingo,Coyoacán,4369.0,Minorista,
922,Agencia de viajes,Viajes Tour For All,"Insurgentes Sur 688, plata baja local 1",Del valle Centro,Benito Juárez,3100.0,,
923,Agencia de viajes,Viajes Bojorquez Cuicuilco,Insurgentes Sur  3656 interior 206,Peña Pobre,Tlalpan,14060.0,,
924,Agencia de viajes,Viajero Li,Ignacio Mariscal 129,Tabacalera,Cuauhtémoc,6030.0,,
925,Agencia de viajes,Viajes 360,Benjamin Franklin 233 Piso 4,Hipodromo,Cuauhtémoc,6100.0,,
926,Agencia de viajes,Innovadora Turistica Morelos Travel,"Sur 71 Sin Número, Frente al 4404",Viáducto Piedad,Iztacalco,8200.0,,
927,Agencia de viajes,Gadeco,Homero 136 piso 10 despacho 1003,Polanco 5° Sección,Miguel Hidalgo,11560.0,Minorista,
928,Agencia de viajes,Grupo HL Travel,Culiacán 118 piso 1,Hipódromo Condesa,Cuauhtémoc,6100.0,Minorista,
929,Agencia de viajes,Turismo Linsur,Granate 19,Estrella,Gustavo A. Madero,7810.0,,
930,Agencia de viajes,Vox Network México,"Av. Presidente Masarik 14, interior 101",Polanco Chapultepec,Miguel Hidalgo,11560.0,,
931,Agencia de viajes,Almundo.com,Río Tiber No. 103,Cuauhtémoc,Cuauhtémoc,6500.0,Minorista,
932,Agencia de viajes,Estrategias turisticas,Moctezuma 89,Del Carmen,Coyoacán,4100.0,,
933,Agencia de viajes,N & N Travel,Georgia 29 interior 2,Nápoles,Benito Juárez,3810.0,,
934,Agencia de viajes,Viajes México,Avenida Cuauhtémoc 204,Doctores,Cuauhtémoc,6720.0,Minorista,
935,Agencia de viajes,Teotihuacán,Eje Central Lázaro Cárdenas 725 piso 3 B 304,Portales Sur,Benito Juárez,3300.0,,
936,Agencia de viajes,Travel Expert,Norte 72-A 5826-A,Bondojito,Gustavo A. Madero,7850.0,,
937,Agencia de viajes,Viajes Inolvidables Esperanza,Avenida Leon de los Aldama 78,San Felipe de Jesús,Gustavo A. Madero,7510.0,Minorista,
938,Agencia de viajes,Altamex,Texcoco 238,Clavería,Azcapotzalco,2080.0,Mayorista,
939,Agencia de viajes,Alma Tours Operadora Mayorista DMC & Travel Agency,Morelos 79,San Salvador Cuauhtenco,Milpa Alta,12300.0,,
940,Agencia de viajes,Viajes Mundo Mayor,"Emiliano Zapata, No.5-B",San Pedro Martir,Tlalpan,14650.0,,
941,Agencia de viajes,Leemba,Saturno 90,Guerrero,Cuauhtémoc,6300.0,,
942,Agencia de viajes,Atrapalo,"Medellin No.153, Piso.2",Roma Norte,Cuauhtémoc,6700.0,Minorista,
943,Agencia de viajes,Alifante Tur,Humboldt No. 56,Centro,Cuauhtémoc,6050.0,,
944,Agencia de viajes,Amigo Tours,Moneda No. 8,Centro,Cuauhtémoc,6760.0,,
945,Agencia de viajes,Excel Tours Las Águilas,"Av. Las Águilas No. 1289, L-8, Plaza Punta Las Águilas",Puente Colorado,Álvaro Obregón,1730.0,Minorista,
946,Agencia de viajes,Descubrimex,Rio Lerma No. 217,Cuauhtémoc,Cuauhtémoc,3800.0,Minorista,
947,Agencia de viajes,Viafel,Blvd. Manuel Avila Camacho  No.36 Piso 12,Lomas de Chapultepec,Miguel Hidalgo,11000.0,,
948,Agencia de viajes,"World Trip Services, S.A. de C.V.","Montecito No. 38, Piso 23, Oficina 31",Nápoles,Benito Juárez,3810.0,Minorista,
949,Agencia de viajes,2bTravel,Manuel Acuña No.3,Villa Azcapotzalco,Azcapotzalco,2169.0,,
950,Agencia de viajes,Battaglia Tours,"Amesquite,  No.71, Int.1",Pedregal de Santo Domingo,Coyoacán,4369.0,Minorista,
951,Agencia de viajes,Travel Atomex,Manzanas No. 46 Piso. 4,Tlacoquemecatl del Valle,Benito Juárez,3200.0,,
952,Agencia de viajes,"Arriaga Viajes, S.A.",Hamburgo No. 330 Local B,Juarez,Cuauhtémoc,6600.0,Minorista,
953,Agencia de viajes,Técnicos en Administración Turística Tecat Tours & Travel,Cantu No. 9-706,Anzures,Miguel Hidalgo,11590.0,Minorista,
954,Agencia de viajes,ExperTourist,Cda. Tigre No. 2- 401,Del Valle,Benito Juárez,3100.0,Minorista,
955,Agencia de viajes,Tuki Voyages,Virginia No. 193,Nativitas,Benito Juárez,3500.0,Minorista,
956,Agencia de viajes,Enestur,Llano 136,Hacienda San Juan de Tlalpan,Tlalpan,14370.0,,
957,Agencia de viajes,Trip City,Paseo de los Tamarindos No. 384 P9,Campestre Palo Alto,Cuajimalpa de Morelos,5119.0,,
958,Agencia de viajes,Bienvenidosabordo Serrano,"Av. Cafetales, No.1748",Hacienda,Coyoacán,4970.0,Minorista,
959,Agencia de viajes,Viajes El Corte Inglés,Calzada del Hueso 519,Residencial Acoxpa,Tlalpan,14387.0,,
960,Agencia de viajes,Viajes El Corte Inglés,Avenida Insurgentes Sur No. 1310,Del Valle,Benito Juárez,3300.0,,
961,Agencia de viajes,Excel Tours Chapultepec,Av. Doctor Rio de la Loza 250-9,Doctores,Cuauhtémoc,6720.0,,
962,Agencia de viajes,Viajes El Corte Inglés,Avenida Cuauhtemoc No. 462,Narvate,Benito Juárez,3023.0,,
963,Agencia de viajes,NautilusPlus,Félix Cuevas No. 326 -6,Tlacoquemecatl del Valle,Benito Juárez,3100.0,,
964,Agencia de viajes,Live It By Valero Viajes,Medellín No. 78,Roma,Cuauhtémoc,6700.0,,
965,Agencia de viajes,BCD Travel,"Arquimedes No. 130, Piso 6",Polanco,Miguel Hidalgo,11560.0,,
966,Agencia de viajes,Bojórquez Viajes Cuajimalpa,"Av. José María Castorena No. 425, Loc. 30",Cuajimalpa,Cuajimalpa de Morelos,5000.0,Minorista,
967,Agencia de viajes,Epic Toro,Insurgentes Sur No.1824,Florida,Álvaro Obregón,1030.0,,
968,Agencia de viajes,Olea Agencia de Viajes,Av. 20 de Noviembre No.82 Desp.315,Centro,Cuauhtémoc,6090.0,,
969,Agencia de viajes,Sinergia 369,Tuxpan No.54,Roma Sur,Cuauhtémoc,6760.0,,
970,Agencia de viajes,Viajes con mas Ofertas,Eje Central Lazaro Cardenas No.2 Desp.2502,Centro,Cuauhtémoc,6000.0,,
971,Agencia de viajes,Viajes 80 Días,"Av, Melchor Ocampo No. 454",Cuauhtémoc,Cuauhtémoc,6500.0,,
972,Agencia de viajes,Almundo.com Picacho,Carretera Picacho Ajusco No. 175,Heroes de Padierna,Tlalpan,14200.0,,
973,Agencia de viajes,Cedimex Viajes,Niceto de Zamacois  Num 89 Int 2,Viaducto Piedad,Iztacalco,8200.0,,
974,Agencia de viajes,Travels and Tours Rogal,Luz Saviñon 1007 No.08,Del Valle,Benito Juárez,3100.0,,
975,Agencia de viajes,Viajes Enlace,Carlota Armero 5 A Int.12,Ctm Culhuacan,Coyoacán,4489.0,,
976,Agencia de viajes,Mundo Sibarita,"Oriente 176, No. 201",Moctezuma,Venustiano Carranza,15530.0,,
977,Agencia de viajes,Grupo Divisa World Tour Operator,"Av. División del norte, 421-301",Del Valle Norte,Benito Juárez,3103.0,,
978,Agencia de viajes,BST Travel,Rancho Piedras Negras 128,Santa Cecilia,Coyoacán,4930.0,,
979,Agencia de viajes,Histórico Zafiro Tours,López No.1 Des.601,Centro,Cuauhtémoc,6000.0,,
980,Agencia de viajes,DMG Travel Services,"Córdoba, No.49, Int.1A",Roma Norte,Cuauhtémoc,6700.0,,
981,Agencia de viajes,W Travel Conceptps,Alvaro Obregon 248 - 202,Roma Norte,Cuauhtémoc,6700.0,,
982,Agencia de viajes,Select Travel,Durango 243-503,Roma,Cuauhtémoc,6700.0,,
983,Agencia de viajes,Youtour Travel,Xochicalco No.51 Local B,Narvarte,Benito Juárez,3020.0,,
984,Agencia de viajes,Integradores BTS,"Rodolfo Gaona, No.81-1er",Lomas de Sotelo,Miguel Hidalgo,11200.0,,
985,Agencia de viajes,Vesta Continental,Rio Nazas No. 60,Cuauhtémoc,Cuauhtémoc,6500.0,,
986,Agencia de viajes,Señor Mandela,Newton No.294,Polanco,Miguel Hidalgo,11560.0,,
987,Agencia de viajes,Suca Tours,Montecito No.38 Torre. 33 Oficina. 13,Napoles,Benito Juárez,3810.0,,
988,Agencia de viajes,Viajes Ermita,Av. Ermita Iztapalapa No. 1330-A,Barrio San Pablo,Iztapalapa,9000.0,,
989,Agencia de viajes,Cruceros y Destinos,Sirena 52-4,Industrial,Gustavo A. Madero,7800.0,,
990,Agencia de viajes,Partners For Life,Juan Racine No. 134,Los Morales,Miguel Hidalgo,11510.0,,
991,Agencia de viajes,Genesis Travels,"Rivera de San Cosme No.66, 1er. Piso Local 15",San Rafael,Cuauhtémoc,6470.0,,
992,Agencia de viajes,Potro Viajes,"Av. Insurgentes Sur, No. 1235",Extremadura Insurgentes,Benito Juárez,3740.0,,
993,Agencia de viajes,Consotravel,Providencia N°334-508,Del Valle,Benito Juárez,3100.0,,
994,Agencia de viajes,Time2Travel,Venustiano Carranza 52 Piso 2,Centro,Cuauhtémoc,6700.0,,
995,Agencia de viajes,Eenso media,Leibnitz 117,Anzures,Miguel Hidalgo,11590.0,,
996,Agencia de viajes,H.I.S,Londres 162,Juarez,Cuauhtémoc,6600.0,,
997,Agencia de viajes,Excel Tours Cafetales,"Armada de México, No.1390",Cafetales Residencial,Coyoacán,4918.0,,
998,Agencia de viajes,Xiinbal travel agency,Lago Amatitlan 18,Torre Blanca,Miguel Hidalgo,11280.0,,
999,Agencia de viajes,Contravel,"Providencia, No.334",Del Valle,Benito Juárez,3100.0,,
1000,Agencia de viajes,Zafiro Tours LTR Travel,"Calle 8, No.34",San Pedro de los Pinos,Benito Juárez,3800.0,,
1001,Agencia de viajes,Turismo Dema,Alvaro Obregon No 237 Interior A,Roma,Cuauhtémoc,6700.0,,
1002,Agencia de viajes,Uniendo Destinos,Huehuetan 413,Heroes De Padierna,Tlalpan,14200.0,,
1003,Agencia de viajes,Agencia Turística TURISSSTE AAPAUNAM,Av Cd Universitaria  # 301,Ciudad Universitaria,Coyoacán,4510.0,,
1004,Agencia de viajes,Turismo 2.0,Lago Zirahuen 227 B204,Anahuac,Miguel Hidalgo,11320.0,,
1005,Agencia de viajes,Valle Viajes y Marathones,Miguel Laurent 234-B,Del Valle,Benito Juárez,3100.0,,
1006,Agencia de viajes,Hachi Tours Travel,Laurel 2 A,El Manto,Iztapalapa,9830.0,,
1007,Agencia de viajes,Aruma Travel Sas,Playa Copacabana  No.61,Militar Marte,Iztacalco,8830.0,,
1008,Agencia de viajes,Viajes Universum,"Rio Elba No. 10, 102 A",Cuauhtémoc,Cuauhtémoc,6500.0,,
1009,Agencia de viajes,America´s Tours,Cruz Del Sur 152,Prado Churubusco,Coyoacán,4230.0,,
1010,Agencia de viajes,Tour & Travel Acurlines,"Calle Yucatán No. 12, Piso 3-A",Tizapan San Ángel,Álvaro Obregón,1090.0,,
1011,Agencia de viajes,Viajes Nosana,Campeche No. 280,Hipódromo Condesa,Cuauhtémoc,6100.0,,
1012,Agencia de viajes,Carimundi,"Homero, No.109",Chapultepec Morales,Miguel Hidalgo,11570.0,,
1013,Agencia de viajes,Naviajes,"Memphis, No.78",Claveria,Azcapotzalco,2080.0,,
1014,Agencia de viajes,Viajes Palacio Parque Tezontle,"Av. Canal de Tezontle No. 1512, Local 77",Dr. Alfonso Ortiz Tirado,Iztapalapa,9020.0,,
1015,Agencia de viajes,Viajes Palacio Perisur,Periférico Sur No. 4690,Jardines del Pedregal,Coyoacán,4500.0,,
1016,Agencia de viajes,Viajes Palacio Paseo Acoxpa,"Av. Acoxpa No. 430, Ancla 5, Local 07 y 08",Residencial Ex Hacienda Coapa,Tlalpan,14300.0,,
1017,Agencia de viajes,Viajes Palacio Santa Fe,Av. Vasco de Quiroga No. 3800,Col Santa Fe,Cuajimalpa de Morelos,5109.0,,
1018,Agencia de viajes,Viajes Palacio Centro Coyoacán,Av. Coyoacán No. 2000,Xoco,Coyoacán,3330.0,,
1019,Agencia de viajes,Viajes Palacio Booth Oasis Coyoacán,Av. Universidad No. 1778,Romero de Terreros,Coyoacán,4310.0,,
1020,Agencia de viajes,Representaciones Marítimas,Frontera 67 Tizapan,San Angel,Álvaro Obregón,1090.0,,
1021,Agencia de viajes,Harley Travel,"Santa María, No.225",Santa María Malinalco,Azcapotzalco,2050.0,,
1022,Agencia de viajes,Sino Business México,"Empresa, No.146",Extremadura Insurgentes,Benito Juárez,3740.0,,
1023,Agencia de viajes,Doing Business China,"Empresa, No.146",Extremadura Insurgentes,Benito Juárez,370.0,,
1024,Agencia de viajes,Andios Tours,Florencia 57,Juárez,Cuauhtémoc,6600.0,,
1025,Agencia de viajes,Viajes Cristina,"Mar Marmara, No.385",Popotla,Miguel Hidalgo,11400.0,,
1026,Agencia de viajes,Traveltool México,Montecito 38 Piso 21 Of. 4 Y 5,Napoles,Benito Juárez,3810.0,,
1027,Agencia de viajes,Interservice Travel,Av Universidad No.1093 Pb,Del Valle,Benito Juárez,3100.0,,
1028,Agencia de viajes,Travel Pat,"Guillermo Marconi, SN",Paseo de las lomas,Álvaro Obregón,1330.0,,
1029,Agencia de viajes,Travel Sure,San Juan de Dios 429,Prado Coapa,Tlalpan,14357.0,,
1030,Agencia de viajes,Viajes Palacio Booth Casa Palacio Santa Fe,Av. Vasco de Quiroga No. 3800,Antigua Mina La Totolapa,Cuajimalpa de Morelos,3800.0,,
1031,Agencia de viajes,Viajes Palacio Galerias Insurgentes,Parroquia No. 214,Del Valle,Benito Juárez,3100.0,,
1032,Agencia de viajes,Travel Mates,"Lucerna No.65, Int. 211",Juárez,Cuauhtémoc,6600.0,,
1033,Agencia de viajes,CTL México,"Río Nazas, No.199-F",Cuauhtémoc,Cuauhtémoc,6500.0,,
1034,Agencia de viajes,Cool Travel Mexico,Andador 5 Mz 5 Lote 14,Santa Bárbara,Iztapalapa,9208.0,,
1035,Agencia de viajes,Tardan Viajes,"Durango, No.243",Roma Norte,Cuauhtémoc,6700.0,,
1036,Agencia de viajes,Eli Hotel & Travel,Av Fuerza Aerea Mexicana 448,Federal,Venustiano Carranza,15700.0,,
1037,Agencia de viajes,Travellink,Salamanca No.40,Roma Norte,Cuauhtémoc,6700.0,,
1038,Agencia de viajes,Business Shop Travel,Av. Ejercito Nacional No.404,Polanco,Miguel Hidalgo,11560.0,,
1039,Agencia de viajes,Turismo Charabati,Av. Paseo De Las Palmas No. 735,Lomas de Chapultepec,Miguel Hidalgo,11000.0,,
1040,Agencia de viajes,Viajes El Corte Inglés,Avenida Periferico Sur 4690,Ampliacion Jardines Del Pedregal,Coyoacán,4500.0,,
1041,Agencia de viajes,Trota Tours S.A. De C.V.,Av. Juarez  No. 18 Desp. 103 Y 104,Centro,Cuauhtémoc,6050.0,,
1042,Agencia de viajes,TYST Narvarte,"Av. Eje Central Lazaro Cárdenas, No. 545, Local A",Narvarte Poniente,Benito Juárez,3020.0,,
1043,Agencia de viajes,Consolid México,"Jaime Balmes No. 11, Edif. C Piso 10",Los Morales Polanco,Miguel Hidalgo,11510.0,,
1044,Agencia de viajes,"Anantara Viajes, S.A. de C.V.",Montecito No.38,Nápoles,Benito Juárez,3810.0,,
1045,Agencia de viajes,YiFi Tu Zona de Viajes,Francisco Del Paso Y Troncoso 286 Aint 16,Jardin Balbuena,Venustiano Carranza,15900.0,,
1046,Agencia de viajes,Escapense Viajes,Av. Ejército Nacional No.53-3B,Veronica Anzures,Miguel Hidalgo,11300.0,,
1047,Agencia de viajes,Turismo Zarco,Av. Monterrey No.260-101,Roma Sur,Cuauhtémoc,6760.0,,
1048,Agencia de viajes,Viajes Esvi,Tajín No.698,Vertiz Narvarte,Benito Juárez,3600.0,,
1049,Agencia de viajes,"Travents, S.A. de C.V.",Cerro De Huitzilac No.108,Campestre Churubusco,Coyoacán,4200.0,,
1050,Agencia de viajes,Magnitravel Mexico,Toltecas 166 H1401,Carola,Álvaro Obregón,1180.0,,
1051,Agencia de viajes,Sammy Tours,Castilla 231 6,Álamos,Benito Juárez,3400.0,,
1052,Agencia de viajes,Lezan Viajes y Grupos Culturales,Calle Concepción Beistegui,Narvarte,Benito Juárez,3560.0,,
1053,Agencia de viajes,Felgueres Travel Group,Lafontaine No.92,Polanco Chapultepec,Miguel Hidalgo,11560.0,,
1054,Agencia de viajes,"Titi Tours, S.A. de C.V.",Calle F Mz Xiii-10,Educación,Coyoacán,4400.0,,
1055,Agencia de viajes,GV Ordaz Operadora,Adolfo Prieto 1625,Del Valle,Benito Juárez,3100.0,,
1056,Agencia de viajes,Juliá Central de Viajes,Río Tiber No. 86,Cuauhtémoc,Cuauhtémoc,6500.0,,
1057,Agencia de viajes,SeeMexico,1Er. Ret. De Sierra Itambe No. 125,Real De Las Lomas,Miguel Hidalgo,11920.0,,
1058,Agencia de viajes,Yubiajando,Allende No. 283 1-A,Clavería,Azcapotzalco,2080.0,,
1059,Agencia de viajes,Viajes Puerta De America,Fernando Roman Lugo 170,Adolfo Lopez Mateos,Venustiano Carranza,15670.0,,
1060,Agencia de viajes,Miescape.mx,Calz. Tlalpan No.2205,Ciudad Jardin,Coyoacán,4370.0,,
1061,Agencia de viajes,Viajes Tulum Sa De Cv,Carr Xochimilco A San Pablo 16 C,Santiago Tepalcatlalpan,Xochimilco,16200.0,,
1062,Agencia de viajes,Viajes con Estilo By Bazhi,Tecoyotitla No.322,Florida,Álvaro Obregón,1030.0,,
1063,Agencia de viajes,American Express Global Business Travel,Av. Patriotismo No.635,Cd. De Los Deportes,Benito Juárez,3710.0,,
1064,Agencia de viajes,Viajes Iv Puntos Cardinales,Puebla Norte 327,Roma Norte,Cuauhtémoc,6700.0,Minorista,
1065,Agencia de viajes,"Tzunami Tours, S.A. de C.V.",Av. Division Del Norte No.2943,El Rosedal,Coyoacán,4330.0,,
1066,Agencia de viajes,Euro Mayorista de Viajes,Rio Nilo No.88,Cuauhtémoc,Cuauhtémoc,6500.0,,
1067,Agencia de viajes,"Viajes Genesis, S.A. de C.V.",Agustin Gutierrez No.110,General Anaya,Benito Juárez,3340.0,,
1068,Agencia de viajes,Grupo Travel,"Av. Dr José María Vertiz No.748, Piso 5 Of.15",Narvarte Oriente,Benito Juárez,3020.0,,
1069,Agencia de viajes,Global Gate Tours & Travel,Prolongación Doctor Barragan No.560-3,Narvarte,Benito Juárez,3023.0,,
1070,Agencia de viajes,"Citarmex Viajes, S.A. de C.V.","Av. Paseo De La Reforma, No. 105",Tabacalera,Cuauhtémoc,6030.0,,
1071,Agencia de viajes,Babylon Tours,"Calle Versalles, No 16",Juarez,Cuauhtémoc,6300.0,,
1072,Agencia de viajes,Vagando por México,"Calle Varsovia, No.44",Juarez,Cuauhtémoc,6600.0,,
1073,Agencia de viajes,Operadora VTO Viajes,"Av. Central, No.219 B15",Tolteca,Álvaro Obregón,1150.0,,
1074,Agencia de viajes,Oferta Viajes,"Calle Copenhague, No.21 Depto 604",Juarez,Cuauhtémoc,6600.0,,
1075,Agencia de viajes,Turismo Express Monte Carlo,"Av. Regidor, No.35-A",Residencial Villa Coapa,Tlalpan,14390.0,,
1076,Agencia de viajes,Experiencias Keo,"Av. Benajmin Franklin, No.186",Escandon,Miguel Hidalgo,11800.0,,
1077,Agencia de viajes,Nefertari Travel,"Av. Insurgentes Sur, No. 428",Roma Norte,Cuauhtémoc,6970.0,,
1078,Agencia de viajes,Encuentro T,"Bruno Traven, No.166",General Anaya,Benito Juárez,3340.0,,
1079,Agencia de viajes,Turismo Amigo,"Av. Paseo De La Reforma Norte No.730, Edif. Zacatecas Piso 11",Unidad Habitacional Nonoalco Tlatelolco,Cuauhtémoc,6900.0,,
1080,Agencia de viajes,Kybal Tours,"Av. Rio Mixcoac, No.504",La Cascada,Álvaro Obregón,1490.0,,
1081,Agencia de viajes,Tajin Viajes,"Calle 26, No.43",El Rodeo,Iztacalco,8510.0,,
1082,Agencia de viajes,Viajes Fiorda,Melchor Dávila No.121,Ampliacion Miguel Hidalgo,Tlalpan,14250.0,,
1083,Agencia de viajes,Os Live Agencia de Viajes S.A de C.V,Tonala No.342,Roma,Cuauhtémoc,6760.0,,
1084,Agencia de viajes,Matices de México G.O.,"Av. Lacandones, No. 160",Pedregal De Las Águilas,Tlalpan,14439.0,,
1085,Agencia de viajes,GI Operadora,"Bruselas, No. 604 - Desp. 6",Juárez,Cuauhtémoc,6600.0,,
1086,Agencia de viajes,Mundo Magico Turistico,Jose Ma. Vertiz No. 1201,Letran Valle,Benito Juárez,3650.0,,
1087,Agencia de viajes,"Touring Plus, S.A. de C.V.",Avenida Paseo De La Reforma No. 403 Int. 405,Cuauhtémoc,Cuauhtémoc,6500.0,,
1088,Agencia de viajes,Bueno Bonito & Viajando,Av. Arquimedes No.177-C,Chapultepec Morales,Miguel Hidalgo,11560.0,,
1089,Agencia de viajes,Viajes Tirol S.A de C.V.,Cerrada San Jerónimo No.138,San Jerónimo Lidice,La Magdalena Contreras,10200.0,,
1090,Agencia de viajes,Momentrip,Av. Cecilio Robelo No.530,Jardin Balbuena,Venustiano Carranza,15900.0,,
1091,Agencia de viajes,CPM Viajes,"Calzada Tlalpan, No.625-1",Alamos,Benito Juárez,3400.0,,
1092,Agencia de viajes,Viajes Franco,Av. Morelos No.65,Juárez,Cuauhtémoc,6600.0,,
1093,Agencia de viajes,Agencia De Viajes Kijav,Avenida Del Rosario No. 1025,El Rosario,Azcapotzalco,2430.0,,
1094,Agencia de viajes,GDC Tour & Travel,Avenida Eduardo Molina 1623 A 12,El Coyol,Gustavo A. Madero,7450.0,,
1095,Agencia de viajes,Viajes Bojorquez Plus,Balderas No. 32,Centro,Cuauhtémoc,6050.0,,
1096,Agencia de viajes,Let´s Travel,Bosque De Ciruelos No. 130,Bosque De Las Lomas,Miguel Hidalgo,11700.0,,
1097,Agencia de viajes,It Travel,Varsovia No.44,Juárez,Cuauhtémoc,6600.0,,
1098,Agencia de viajes,Club Preference Platinum Hotels & Resorts,"Avenida Tláhuac, No.210 A",Santa Isabel Industrial,Iztapalapa,9820.0,,
1099,Agencia de viajes,OMI Travels Agency,Rio Nazas No. 115,Cuauhtémoc,Cuauhtémoc,6500.0,,
1100,Agencia de viajes,Actitud Travel,Rafael Reyes Espindola 18 Oficina 4,Periodista,Miguel Hidalgo,11220.0,,
1101,Agencia de viajes,International House Mexico,Alfonso Reyes No. 224,Hipódromo Condesa,Cuauhtémoc,6100.0,,
1102,Agencia de viajes,"Viallo, S.A.",Ameyalco 20,Del Valle,Benito Juárez,3100.0,,
1103,Agencia de viajes,Operadora de Servicios Turísticos Alaris,Mineros Metalurgicos 152,Trabajadores Del Hierro,Azcapotzalco,2650.0,Minorista,
1104,Agencia de viajes,Turismo Xiimbal,Calzada De Las Bombas 786 Interior 13,Cafetales,Coyoacán,4918.0,Minorista,
1105,Agencia de viajes,Andy Tours,Av.Ermita Iztapalapa #4064,Santa Martha Acatitla,Iztapalapa,9510.0,Mayorista,
1106,Agencia de viajes,Reservaciones Y Eventos Traveleando Tours,Cda 2 Francisco I Madero 6,Viejo Ejido Santa Ursula Coapa,Coyoacán,4980.0,Minorista,
1107,Agencia de viajes,Hype Journeys,Coahuila 68 - 4,Coahuila 68 - 4,Cuajimalpa de Morelos,5000.0,,
1108,Agencia de viajes,Travel and Study,Avenida Insurgentes Sur  519,Hipodromo Condesa,Cuauhtémoc,6170.0,Minorista,
1109,Agencia de viajes,Braschell Tours,Acueducto 62,San Lorenzo Huipulco,Tlalpan,14370.0,Minorista,
1110,Agencia de viajes,Simons Travel,Alfonso Esparza Oteo 119,Guadalupe Inn,Álvaro Obregón,1020.0,Minorista,
1111,Agencia de viajes,Empaca tu viaje,Primavera 50,San Cristobal,Xochimilco,16080.0,Minorista,
1112,Agencia de viajes,Kenax Turismo,"Avenida Centenario 2006, Mz3 Lt 50",Villa Progresista,Álvaro Obregón,1548.0,Minorista,
1113,Agencia de viajes,Agencia Turistica,,,,,,
1114,Agencia de viajes,Viaja por el Mundo,,,,,,
1115,Restaurante,Cafetería Ambassador,Humboldt 38,Centro,Cuauhtémoc,6040.0,Cafetería,Mexicana
1116,Restaurante,Restaurant Mesón Amberes,Amberes 64,Juárez,Cuauhtémoc,6600.0,Restaurante,Mexicana
1117,Restaurante,Restaurante Vértice,Atenas 72,Juárez,Cuauhtémoc,6600.0,Restaurante,Mexicana
1118,Restaurante,Restaurante Río 17,Plaza Necaxa 17,Cuauhtémoc,Cuauhtémoc,6500.0,Restaurante,Mexicana
1119,Restaurante,Restaurante Café Reforma,Avenida Paseo de la Reforma 80,Juárez,Cuauhtémoc,6600.0,Cafetería,Mexicana
1120,Restaurante,Restaurante Condimento,Paseo de la Reforma 124 piso 1,Juárez,Cuauhtémoc,6600.0,Restaurante,Mexicana
1121,Restaurante,Restaurant Astor,Antonio Caso 83,San Rafael,Cuauhtémoc,6470.0,Restaurante,Mexicana
1122,Restaurante,Cafetería Seibal Restaurante,José María Lafragua No. 7,Tabacalera,Cuauhtémoc,6030.0,,
1123,Restaurante,Restaurante Korinto,Paris 9,Tabacalera,Cuauhtémoc,6030.0,Restaurante,Mexicana
1124,Restaurante,Balcon Del Zocalo,Av. 5 de Mayo 61 P.B.,Centro,Cuauhtémoc,6000.0,,Mixta
1125,Restaurante,Pátzcuaro,Luis Moya 11,Centro,Cuauhtémoc,6050.0,Restaurante,Mexicana
1126,Restaurante,Rulfo,Campos Elíseos 204,Polanco,Miguel Hidalgo,11560.0,Restaurante,Mexicana
1127,Restaurante,Teppan Grill,Campos Elíseos 204,Polanco,Miguel Hidalgo,11560.0,,
1128,Restaurante,Yoshimi,Campos Elíseos 204,Polanco,Miguel Hidalgo,11560.0,Restaurante,Mexicana
1129,Restaurante,Café Tamayo,Calle Mariano Escobedo 700,Anzures,Miguel Hidalgo,11590.0,Restaurante,Mexicana
1130,Restaurante,Restaurant Bar Bavaria,Lateral viaducto Miguel Alemán 45,Escandón,Miguel Hidalgo,11800.0,Restaurante,Mexicana
1131,Restaurante,Restaurant Bar Potros,Ciencias 91,Escandón,Miguel Hidalgo,11800.0,Restaurante,Mexicana
1132,Restaurante,Jarro'S,Lateral viaducto Miguel Alemán 29,Tacubaya,Miguel Hidalgo,11870.0,Restaurante,Mexicana
1133,Restaurante,Restaurante Bar Brindisi,Nueva York 301,Nápoles,Benito Juárez,3810.0,Restaurante,Mexicana
1134,Restaurante,Chilis Grill & Bar,"Av. Ejército Nacional, No. 843",Granada,Miguel Hidalgo,11520.0,,
1135,Restaurante,Café Miro,Avenida Paseo de la Reforma 1,Tabacalera,Cuauhtémoc,6030.0,Restaurante,Mexicana
1136,Restaurante,Restaurante Tezka,Amberes 78,Juárez,Cuauhtémoc,6600.0,Restaurante,Mexicana
1137,Restaurante,Las Mercedes,Darwin 113,Anzures,Miguel Hidalgo,11590.0,Restaurante,Mexicana
1138,Restaurante,Hacienda De Cortés,Fernández Leal 70,Barrio La Concepción,Coyoacán,4020.0,Restaurante,Mexicana
1139,Restaurante,Guadiana 19,Río Guadiana 19,Cuauhtémoc,Cuauhtémoc,6500.0,Restaurante,Mexicana
1140,Restaurante,Restaurante André,Avenida Miguel Ángel de Quevedo 992,Parque San Andrés,Coyoacán,4040.0,Restaurante,Mexicana
1141,Restaurante,Taco'N Gusto,Felipe Carrillo Puerto 50,Villa Coyoacán,Coyoacán,4000.0,Restaurante buffet,Mexicana
1142,Restaurante,Restaurant Le Montmartre En Coyoacán,Pino 6 F y D,Barrio Santa Catarina,Coyoacán,4010.0,Restaurante,Internacional
1143,Restaurante,El Lago De Los Cisnes,Prado Norte 391 piso 1,Lomas de Chapultepec,Miguel Hidalgo,11000.0,Restaurante,Mexicana
1144,Restaurante,Restaurante Bar Giorgio´S,Avenida Universidad 360,Narvarte Poniente,Benito Juárez,3020.0,Restaurante,Mexicana
1145,Restaurante,Los Bisquets Bísquets Obregón,División del Norte 2553,Del Carmen,Coyoacán,4100.0,Restaurante,Internacional
1146,Restaurante,Klein'S,Avenida Presidente Masaryk 360 2 B,Polanco,Miguel Hidalgo,11560.0,Restaurante,Mexicana
1147,Restaurante,Bottiglia,Edgar Allan Poe 8,Polanco,Miguel Hidalgo,11560.0,Restaurante,Internacional
1148,Restaurante,Creperie De La Paix,Anatole France 79,Polanco,Miguel Hidalgo,11560.0,Restaurante,Mexicana
1149,Restaurante,Hard Rock Café México,Campos Elíseos 290,Polanco,Miguel Hidalgo,11560.0,Restaurante,Mexicana
1150,Restaurante,Restaurante Bar Lepanto,Moctezuma 20,Aragón,Gustavo A. Madero,7000.0,,
1151,Restaurante,Restaurant Normandie,Virginia Fábregas 14,San Rafael,Cuauhtémoc,6470.0,Restaurante,Mexicana
1152,Restaurante,La Calle,Avenida Vasco de Quiroga 3800 local 443,Lomas de Vista Hermosa,Cuajimalpa de Morelos,5100.0,Restaurante,Mexicana
1153,Restaurante,Restaurante La Buena Fe,Altavista No.43,San Ángel,Álvaro Obregón,1060.0,,
1154,Restaurante,El Fogoncito Anzures,Leibnitz 55,Anzures,Miguel Hidalgo,11590.0,Taquerías y Torterías,Mexicana
1155,Restaurante,Bellinghausen,Londres 95,Juárez,Cuauhtémoc,6600.0,Restaurante,Española
1156,Restaurante,Restaurant San Martín,Independencia 90,Tula (San Pedro Actopan),Milpa Alta,12200.0,Restaurante,Mexicana
1157,Restaurante,Kentucky Fried Chicken,Avenida División del Norte 2855,Parque San Andrés,Coyoacán,4040.0,Comida rapida,Internacional
1158,Restaurante,Restaurant Fonda El Morral,Allende 2,Del Carmen,Coyoacán,4100.0,Restaurante,Mexicana
1159,Restaurante,Pizza Plaza,Avenida Canal de Miramontes 2783 B,Jardines de Coyoacán,Coyoacán,4890.0,Comida Internacional,Italiana
1160,Restaurante,Restaurantes California Nonoalco,Avenida Insurgentes Norte 514,Atlampa,Cuauhtémoc,6450.0,Restaurante buffet,Mexicana
1161,Restaurante,Vips,Miguel Ángel de Quevedo No. 175-C,Oxctopulco Univesidad,Coyoacán,4318.0,,
1162,Restaurante,Restaurante La Aceituna,Luis Gonzaga Urbina 4 local 3,Polanco,Miguel Hidalgo,11560.0,Restaurante,Española
1163,Restaurante,El Tizoncito,Aguayo 3 G H I J,Del Carmen,Coyoacán,4100.0,Taquerías y Torterías,Mexicana
1164,Restaurante,La Guelaguetza,Andalucía 241,Álamos,Benito Juárez,3400.0,Restaurante,Regional
1165,Restaurante,Pizzería Tutulli,Francisco I. Madero 12,La Asunción,Tláhuac,13000.0,Restaurante,Italiana
1166,Restaurante,La Parrilla Suiza,Moliere 340 edificio A local B,Polanco,Miguel Hidalgo,11560.0,Restaurante,Carnes
1167,Restaurante,Restaurante Allende,Copilco 185,Copilco Universidad,Coyoacán,4360.0,Restaurante buffet,Argentina
1168,Restaurante,Damoro Sushi & Teppan,Fernando Iglesias Calderón 93 A,Jardín Balbuena,Venustiano Carranza,15900.0,Restaurante,Japonesa
1169,Restaurante,Antigua Hacienda De Tlalpan,Calzada de Tlalpan 4619,Tlalpan,Tlalpan,14000.0,Restaurante,Mexicana
1170,Restaurante,El Cardenal,Palma 23,Centro,Cuauhtémoc,6000.0,Restaurante,Mexicana
1171,Restaurante,Mesón Del Cid,Humboldt 61,Centro,Cuauhtémoc,6040.0,Restaurante,Española
1172,Restaurante,Suntory,Montes Urales 535,Lomas de Chapultepec,Miguel Hidalgo,11000.0,Restaurante,Japonesa
1173,Restaurante,La Fogata,Avenida Insurgentes Sur 427,Roma Sur,Cuauhtémoc,6760.0,Restaurante,Carnes
1174,Restaurante,Restaurante Nagaoka,Arkansas 38,Nápoles,Benito Juárez,3810.0,Restaurante,Japonesa
1175,Restaurante,Los Almendros,Avenida Insurgentes Sur 1759,Guadalupe Inn,Álvaro Obregón,1020.0,Restaurante,Internacional
1176,Restaurante,El Lago,Lago Mayor sección 2 sin número,Molino del Rey,Miguel Hidalgo,11040.0,Restaurante,Mexicana
1177,Restaurante,Chilis Grill & Bar,"Av. San Jerónimo, No. 720",San Jerónimo,La Magdalena Contreras,10200.0,,
1178,Restaurante,Fonda Mexicana Polanco,"Homero, No.1910",Polanco Chapultepec,Miguel Hidalgo,11560.0,,
1179,Restaurante,Ebi Sushi,Avenida Insurgentes Sur 1605  73,San José Insurgentes,Benito Juárez,3900.0,Restaurante,Japonesa
1180,Restaurante,Cafetería Nacional,Prólongacion Arneses 550 D,San Antonio Culhuacán,Iztapalapa,9800.0,Cafetería,Mexicana
1181,Restaurante,Kentucky Fried Chicken,Avenida Ribera de San Cosme 6,San Rafael,Cuauhtémoc,6470.0,Comida rapida,Internacional
1182,Restaurante,Restaurante Brasileirissimo,Avenida Insurgentes Sur 1674,Florida,Álvaro Obregón,1030.0,Restaurante,Internacional
1183,Restaurante,Sanborns Café Balderas,Avenida Balderas 36,Juárez,Cuauhtémoc,6600.0,Restaurante,Mexicana
1184,Restaurante,Cafebrería El Péndulo,Alejandro Dumas 81,Polanco,Miguel Hidalgo,11560.0,Cafetería,Mexicana
1185,Restaurante,Cambalache Vallejo,Norte 45 local 902 A,Industrial Vallejo,Azcapotzalco,2300.0,Restaurante,Carnes
1186,Restaurante,Entremar,Hegel 307 local B,Polanco,Miguel Hidalgo,11560.0,Restaurante,Del Mar
1187,Restaurante,Wings Lindavista,Avenida Montevideo 363 local 101,Lindavista Norte,Gustavo A. Madero,7300.0,,
1188,Restaurante,Italianni´S,"Av. Vasco de Quiroga, No. 3800",Antigua Mina,Cuajimalpa de Morelos,5109.0,,
1189,Restaurante,Italianni´S,"Calz. Desierto de los Leones, No. 52",San Ángel,Álvaro Obregón,1000.0,,
1190,Restaurante,Wings Hospital Juárez,Avenida Instituto Politécnico Nacional 5160,Maximino Ávila Camacho,Gustavo A. Madero,7380.0,,
1191,Restaurante,La Bodeguita Del Medio,Cozumel 37,Roma Norte,Cuauhtémoc,6700.0,Restaurante,Internacional
1192,Restaurante,Wings Colegio Militar,Calzada México Tacuba 94,Tlaxpana,Miguel Hidalgo,11370.0,Restaurante,Internacional
1193,Restaurante,Kikos,Juan Sarabia 232,Nueva Santa María,Azcapotzalco,2800.0,Restaurante buffet,Mexicana
1194,Restaurante,El Huarache,Jardín Centenario 14 local B,Villa Coyoacán,Coyoacán,4000.0,Restaurante,Mexicana
1195,Restaurante,Maquech Purpura,Avenida Doctor José María Vertiz 808 locales A B C y D,Narvarte Poniente,Benito Juárez,3020.0,Restaurante,Regional
1196,Restaurante,Restaurante Tornavento,Calzada de Tlalpan 1561,Portales Sur,Benito Juárez,3300.0,Restaurante,Mexicana
1197,Restaurante,Rojo Bistrot,Ámsterdam 71 C,Hipódromo,Cuauhtémoc,6100.0,Restaurante,Francesa
1198,Restaurante,El Buen Bife,Avenida Insurgentes Sur 1248,Del Valle Centro,Benito Juárez,3100.0,Restaurante,Carnes
1199,Restaurante,Champs Elysees,Avenida Reforma 316 piso 3 y 4,Juárez,Cuauhtémoc,6600.0,Restaurante,Francesa
1200,Restaurante,Au Pied De Cochon,Av Juan Salvador Agraz No. 97,Santa Fe,Cuajimalpa de Morelos,5348.0,,
1201,Restaurante,El Aserrin,Fernando Montes de Oca 18,Hipódromo,Cuauhtémoc,6100.0,Restaurante,Mexicana
1202,Restaurante,Restaurantes Toks Reforma 77,"Paseo de la Reforma, No. 77 PB Local 1-5",Tabacalera,Cuauhtémoc,6030.0,,
1203,Restaurante,Konditori,Génova 61,Juárez,Cuauhtémoc,6600.0,Cafetería,Internacional
1204,Restaurante,La Casa Del Filete,Doctor José María Vertiz 800,Narvarte Poniente,Benito Juárez,3020.0,Restaurante,Carnes
1205,Restaurante,Trattoria Della Casa Nueva,Avenida de la Paz 40 200,San Ángel,Álvaro Obregón,1000.0,Restaurante,Italiana
1206,Restaurante,Shalala,Vicente Suarez 38 6,Condesa,Cuauhtémoc,6140.0,Restaurante,Japonesa
1207,Restaurante,El Mirador,Avenida Chapultepec 606,San Miguel Chapultepec,Miguel Hidalgo,11850.0,Restaurante,Mexicana
1208,Restaurante,La Buena Tierra,Atlixco 94 A,Condesa,Cuauhtémoc,6140.0,Restaurante,Vegetariana
1209,Restaurante,Lobby Restaurante,Avenida Presidente de Masaryk 201,Polanco,Miguel Hidalgo,11560.0,Restaurante,Internacional
1210,Restaurante,Brasil Copacabana,Avenida División del Norte 3111,Pueblo La Candelaria,Coyoacán,4380.0,Taquerías y Torterías,Mexicana
1211,Restaurante,Café La Blanca,Avenida 5 de Mayo 40,Centro,Cuauhtémoc,6000.0,Restaurante,Mexicana
1212,Restaurante,Tortas La Reforma,Alejandro Dumas 92 C,Polanco,Miguel Hidalgo,11560.0,Comida rapida,Mexicana
1213,Restaurante,L´Intervallo,Sagredo 162,San José Insurgentes,Benito Juárez,3900.0,Restaurante,Italiana
1214,Restaurante,El Califa,Altata 22,Hipódromo,Cuauhtémoc,6100.0,Taquerías y Torterías,Mexicana
1215,Restaurante,Los Bisquets Bisquets Obregón,Aguascalientes 125,Roma Sur,Cuauhtémoc,6760.0,Restaurante,Mexicana
1216,Restaurante,Taquitos Del Valle,Avenida Canal de Miramontes 2709,Prados de Coyoacán,Coyoacán,4810.0,Restaurante,Mexicana
1217,Restaurante,Posada Del Sancho,Calzada de los Misterios 323,Vallejo,Gustavo A. Madero,7870.0,,
1218,Restaurante,Las Brasas,Avenida Centenario 173 A,Merced Gómez,Álvaro Obregón,1600.0,Taquerías y Torterías,Mexicana
1219,Restaurante,Sanborns,Av. Cuauhtémoc 287,Roma Sur,Cuauhtémoc,6760.0,,
1220,Restaurante,Restaurante Tandoor,Copérnico 156,Anzures,Miguel Hidalgo,11590.0,Restaurante,Hindú
1221,Restaurante,Sanborns,Montecitos 38,Nápoles,Benito Juárez,3810.0,,
1222,Restaurante,Quetacoatl,Presidente Carranza No. 95,Del carmen,Coyoacán,4000.0,,
1223,Restaurante,Restaurante Escuela Zéfiro,"San Jerónimo, No. 24",Centro,Cuauhtémoc,6080.0,,
1224,Restaurante,El General Zapata,Carretera Picacho - Ajusco km 8 S/N,San Andrés,Tlalpan,14749.0,,
1225,Restaurante,Starbucks Coffee,Ejército Nacional No. 843,Granada,Miguel Hidalgo,11520.0,,
1226,Restaurante,Starbucks Coffee,Calzada de las Aguilas No. 1952,Villa Vedum,Álvaro Obregón,1810.0,,
1227,Restaurante,Starbucks Coffee,Iglesia No. 270,Tizapán,Álvaro Obregón,1090.0,,
1228,Restaurante,Starbucks Coffee,"Bahía De San Hipólito,43",Anáhuac,Miguel Hidalgo,11320.0,,
1229,Restaurante,Starbucks Coffee,Avenida Xola 535,Del Valle Centro,Benito Juárez,3100.0,,
1230,Restaurante,Starbucks Coffee,"Calzada Vallejo, No.1090",Industrial Vallejo,Azcapotzalco,2300.0,,
1231,Restaurante,Starbucks Coffee,"Avenida Gabriel Mancera, No. 1357",Del Valle Centro,Benito Juárez,3100.0,,
1232,Restaurante,Starbucks Coffee,Avenida Camino al Olivo No. 22,Vista Hermosa,Cuajimalpa de Morelos,5109.0,,
1233,Restaurante,Starbucks Coffee,Avenida del Imán No. 151,Pedregal de Carrasco,Coyoacán,4700.0,,
1234,Restaurante,Dominos Pizza,Calle Pino Num 38,El Rosario,Xochimilco,16070.0,,
1235,Restaurante,Dominos Pizza,"Calzada Vallejo, No. 1090",Industrial Vallejo,Azcapotzalco,2300.0,,
1236,Restaurante,Dominos Pizza,"Calzada Ermita Iztapalapa, No. 1853",Los Ángeles,Iztapalapa,9830.0,,
1237,Restaurante,Dominos Pizza,"Av. Juárez, No. 160",Zapótitlan,Tláhuac,13209.0,,
1238,Restaurante,Starbucks Coffee,Tlacotalpan No. 59,Roma Sur,Cuauhtémoc,6760.0,,
1239,Restaurante,Dominos Pizza,"Avenida Tlahuac, No. 3843",San Andrés Tomatlán,Iztapalapa,9870.0,,
1240,Restaurante,Starbucks Coffee,Acueducto Río Hondo No. 20,Lomas de Chapultepec,Miguel Hidalgo,11000.0,,
1241,Restaurante,Starbucks Coffee,Monte Everest No. 625,Lomas de Chapultepec,Miguel Hidalgo,11000.0,,
1242,Restaurante,Dominos Pizza,"Carretera Federal a Cuernavaca, No. 5595",San Pedro Mártir,Tlalpan,14650.0,,
1243,Restaurante,Starbucks Coffee,"Avenida Insurgentes Sur, No.1647",San José Insurgentes,Benito Juárez,3900.0,,
1244,Restaurante,Starbucks Coffee,Avenida San Jéronimo No. 240,Ciudad Universitaria,Coyoacán,4510.0,,
1245,Restaurante,Starbucks Coffee,Monte Pelvoux No. 210,Lomas de Chapultepec,Miguel Hidalgo,11000.0,,
1246,Restaurante,Starbucks Coffee,Avenida Adolfo López Mateos No.4991,Tepepan,Tlalpan,14610.0,,
1247,Restaurante,Starbucks Coffee,Av. Juan Salvador Agraz No. 65,Zedec,Álvaro Obregón,5300.0,,
1248,Restaurante,Starbucks Coffee,Avenida Juárez No.76,Centro,Cuauhtémoc,6010.0,,
1249,Restaurante,Starbucks Coffee,Avenida Puente de Piedra No. 150,Toriello Guerra,Tlalpan,14050.0,,
1250,Restaurante,Starbucks Coffee,Presidente Masaryk No. 360,Polanco,Miguel Hidalgo,11560.0,,
1251,Restaurante,Starbucks Coffee,Avenida Paseo De La Reforma No. 505,Cuauhtémoc,Cuauhtémoc,6500.0,,
1252,Restaurante,Starbucks Coffee,Prado Norte No. 324,Lomas de Chapultepec,Miguel Hidalgo,11000.0,,
1253,Restaurante,Starbucks Coffee,Avenida Paseo Tamarindos No. 90,Bosque de las Lomas,Cuajimalpa de Morelos,5120.0,,
1254,Restaurante,Starbucks Coffee,Olivar De Los Padres No. 1086,Olivar de los Padres,Álvaro Obregón,1780.0,,
1255,Restaurante,Starbucks Coffee,Paseo de la Reforma No. 325,Cuauhtémoc,Cuauhtémoc,6500.0,,
1256,Restaurante,Dominos Pizza,Calzada Las Águilas 707,Las Águilas,Álvaro Obregón,1710.0,,
1257,Restaurante,Vips,República de Uruguay No. 53,Centro,Cuauhtémoc,6000.0,,
1258,Restaurante,Vips,Francisco I. Madero No. 30,Centro,Cuauhtémoc,6000.0,,
1259,Restaurante,Vips,Izazaga No. 38,Centro,Cuauhtémoc,5060.0,,
1260,Restaurante,Vips,Av. 16 de Septiembre No. 81,Centro,Cuauhtémoc,6060.0,,
1261,Restaurante,Vips,Parroquia No. 1031-A,Santa Cruz Atoyac,Benito Juárez,3310.0,,
1262,Restaurante,Vips,Blvd. Adolfo López Mateos No. 1701-A,Lomas de Plateros,Álvaro Obregón,1480.0,,
1263,Restaurante,Vips,Av. Copilco No. 164,Oxtopulco,Coyoacán,4318.0,,
1264,Restaurante,Vips,Calz. de las Águilas No. 1819,San Antonio Tarango,Álvaro Obregón,1620.0,,
1265,Restaurante,Vips,Av. Insurgentes Sur No. 954,Del Valle,Benito Juárez,3100.0,,
1266,Restaurante,Vips,Calz. de Tlalpan No. 4349,Toriello Guerra,Tlalpan,14050.0,,
1267,Restaurante,Vips,Av. Insurgentes Sur No. 3195,Insurgentes Cuicuilco,Coyoacán,4530.0,,
1268,Restaurante,Vips,Escuela Naval Militar No. 753-A,Los Cipreses,Coyoacán,4890.0,,
1269,Restaurante,Vips,Av. Ermita Iztapalapa No. 2013-A,Los Ángeles,Iztapalapa,9830.0,,
1270,Restaurante,Vips,Paseo de las Lilas No. 92,Bosque de las Lomas,Cuajimalpa de Morelos,5120.0,,
1271,Restaurante,Vips,Av. Vasco de Quiroga No. 3900,Santa Fe,Cuajimalpa de Morelos,5300.0,,
1272,Restaurante,Vips,Av. Revolución No. 682,Nonoalco,Benito Juárez,3800.0,,
1273,Restaurante,Vips,Alabama No. 7,Nápoles,Benito Juárez,3810.0,,
1274,Restaurante,Vips,Av. Insurgentes Sur No. 493,Roma Sur,Cuauhtémoc,6760.0,,
1275,Restaurante,Vips,Blvd. Manuel Ávila Camacho No. 631,Periodista,Miguel Hidalgo,11220.0,,
1276,Restaurante,Vips,Sadi Carnot No. 121,San Rafael,Cuauhtémoc,6470.0,,
1277,Restaurante,Vips,Hamburgo No. 126,Juárez,Cuauhtémoc,6600.0,,
1278,Restaurante,Vips,Melchor Ocampo No. 193,Verónica Anzures,Miguel Hidalgo,11300.0,,
1279,Restaurante,Vips,Av. Ribera de San Cosme No. 8,San Rafael,Cuauhtémoc,6470.0,,
1280,Restaurante,Vips,Nextengo No. 78 / II C,Santa Cruz Acayucan,Azcapotzalco,2770.0,,
1281,Restaurante,Vips,Av. Cuitláhuac No. 3338,Clavería,Azcapotzalco,2080.0,,
1282,Restaurante,Vips,Av. Eje 5 Norte No. 990,Santa Bárbara,Azcapotzalco,2230.0,,
1283,Restaurante,Sanborns,Avenida Montevideo 313,Lindavista,Gustavo A. Madero,7300.0,,
1284,Restaurante,Debbie & Peponne Healthy Food And Bakery,Bosque de Duraznos No. 39,Bosque de las Lomas,Miguel Hidalgo,11700.0,,
1285,Restaurante,Hotel Nh México City Centro Historico,Palma No. 42,Centro,Cuauhtémoc,6000.0,,
1286,Restaurante,Sanborns,Plutarco Elías Calles 1897,Portales,Benito Juárez,3580.0,,
1287,Restaurante,El Portón,"Eduardo Molina, No. 179",20 de Noviembre,Venustiano Carranza,15340.0,,
1288,Restaurante,El Portón,"Nextengo, No. 78",Santa Cruz Acayucan,Azcapotzalco,2770.0,,
1289,Restaurante,El Portón,"Aviación Civil, No. 1",Industrial Puerto Aéreo,Venustiano Carranza,15710.0,,
1290,Restaurante,El Portón,"Acoxpa, No. 744",San Bartolo Coapa,Tlalpan,14390.0,,
1291,Restaurante,El Portón,"Blvd. Manuel Ávila Camacho, No. 641",Periodista,Miguel Hidalgo,11220.0,,
1292,Restaurante,Sanborns,Insurgentes Sur 2105,Villa Obregón,Álvaro Obregón,1000.0,,
1293,Restaurante,Churros El Dorado,Calzada de Tlalpan No. 1793,Parque San Andrés,Coyoacán,4040.0,,
1294,Restaurante,Churros El Dorado,Avenida América No. 191,Villa Coyoacán,Coyoacán,4000.0,,
1295,Restaurante,Chilis Grill & Bar,"Av. Antonio Dovali Jaime Zedec Santa Fé, No. 94",Lomas de Santa Fe,Álvaro Obregón,1210.0,,
1296,Restaurante,Chilis Grill & Bar,"Montecito, No. 38",Nápoles,Benito Juárez,3810.0,,
1297,Restaurante,Chilis Grill & Bar,"Av. Capitán Carlos León González, s/n",Zona Federal Aeropuerto,Venustiano Carranza,15620.0,,
1298,Restaurante,Sanborns,Calzada Acoxpa 528,Coapa,Tlalpan,14337.0,,
1299,Restaurante,Sanborns,Calzada Vallejo 1090,Santa Cruz de las Salinas,Azcapotzalco,2340.0,,
1300,Restaurante,Chilis Grill & Bar,"Calz. Tlalpan, No. 4349",Toriello Guerra,Tlalpan,14050.0,,
1301,Restaurante,Chilis Grill & Bar,"Av. Eje 1 Mosqueta, No. 259",Buenavista,Cuauhtémoc,6350.0,,
1302,Restaurante,Chilis Grill & Bar,"Av. Vasco de Quiroga, No. 3800",Antigua Mina La Totolapa,Cuajimalpa de Morelos,1376.0,,
1303,Restaurante,Chilis Grill & Bar,"Londres, No. 127 L",Juárez,Cuauhtémoc,6600.0,,
1304,Restaurante,Burger King,"Avenida Vasco de Quiroga, No. 3850",Santa Fe,Cuajimalpa de Morelos,5109.0,,
1305,Restaurante,Burger King,"Avenida El Rosario, S/N",El Rosario,Azcapotzalco,2100.0,,
1306,Restaurante,Burger King,"Avenida El Rosario, No. 1025",El Rosario,Azcapotzalco,2430.0,,
1307,Restaurante,Burger King,"Avenida De La Fe, No. 94",Santa Fe,Álvaro Obregón,1210.0,,
1308,Restaurante,Burger King,Avenida Montevideo 363,Lindavista,Gustavo A. Madero,7300.0,,
1309,Restaurante,Burger King,"Avenida Ignacio Zaragoza, No. 270",Santa Cruz Aviación,Venustiano Carranza,15540.0,,
1310,Restaurante,Burger King,"Avenida Canal Rio Churubusco, No. S/N",Paseos de Churubusco,Iztapalapa,9040.0,,
1311,Restaurante,Chilis Grill & Bar,"Av. Paseo de la Reforma, No. 222",Juárez,Cuauhtémoc,6600.0,,
1312,Restaurante,Chilis Grill & Bar,Colector 13 280,Magdalena de las Salinas,Gustavo A. Madero,7760.0,,
1313,Restaurante,Burger King,"Calzada La viga, No. 1150",Apatlaco,Iztapalapa,9430.0,,
1314,Restaurante,Burger King,"Avenida Eje 1 Norte Mosqueta, No. 259",Buenavista,Cuauhtémoc,6350.0,,
1315,Restaurante,Burger King,"Avenida Parroquia, No. 179",Del Valle,Benito Juárez,3100.0,,
1316,Restaurante,Bipo Coyoacán,Malintzin No.155,Del Carmen,Coyoacán,4100.0,,
1317,Restaurante,Bipo Roma,Av. Alvaro Obregón No.287,Roma Sur,Cuauhtémoc,6760.0,,
1318,Restaurante,Sanborns,Insurgentes Sur 1605,San José Insurgentes,Benito Juárez,3900.0,,
1319,Restaurante,Sanborns,Periférico 4690,Jardines del Pedregal,Coyoacán,4600.0,,
1320,Restaurante,Sanborns,Calzada de las Águilas 1350,Puente Colorado,Álvaro Obregón,1730.0,,
1321,Restaurante,Sanborns,Av. Azcapotzalco 527,Centro de Azcapotzalco,Azcapotzalco,2000.0,,
1322,Restaurante,Sanborns,Isabel La Católica 35,Centro,Cuauhtémoc,6000.0,,
1323,Restaurante,Chilis Grill & Bar,"Av. Ejercito Nacional, No. 980",Chapultepec Morales,Miguel Hidalgo,11510.0,,
1324,Restaurante,Restaurante Terraza Alameda,Avenida Juarez No. 70,Centro,Cuauhtémoc,6010.0,,
1325,Restaurante,Papa Bill´S,Jaime Balmes No.11 Torre B Local 17,Polanco II,Miguel Hidalgo,11510.0,,
1326,Restaurante,Sanborns Cafe,Insurgentes Sur 3500,Peña Pobre,Tlalpan,14060.0,,
1327,Restaurante,Sanborns Cafe,Av. Universidad 1531,Florida,Álvaro Obregón,1030.0,,
1328,Restaurante,Sanborns Cafe,Canal de Miramontes 2600,San Antonio Coapa,Coyoacán,4830.0,,
1329,Restaurante,El Mirador De Chapultepec,"Av. Chapultepec, No. 606",San Miguel Chapultepec,Miguel Hidalgo,11850.0,,
1330,Restaurante,Friday´S,"Prolongación Paseo de la Reforma, No 400 - CR02",Peña Blanca,Álvaro Obregón,1210.0,,
1331,Restaurante,Friday´S,"Av. San Antonio, No. 57 PB- L1",Nápoles,Benito Juárez,3810.0,,
1332,Restaurante,Burger King,"Avenida Ejercito Nacional, No. 1014",Los Morales,Miguel Hidalgo,11510.0,,
1333,Restaurante,Burger King,"Calzada de Tlalpan, No.789",Portales,Benito Juárez,3300.0,,
1334,Restaurante,Burger King,"Av. Patriotismo, No. 533",Ciudad de los Deportes,Benito Juárez,3710.0,,
1335,Restaurante,Burger King,"Ermita Iztapalapa, No. 941",Santa Isabel Industrial,Iztapalapa,8920.0,,
1336,Restaurante,Burger King,"Ribera de San Cosme, No. 3",Santa María La Ribera,Cuauhtémoc,6400.0,,
1337,Restaurante,Burger King,"Insurgentes Sur, No. 729",Nápoles,Benito Juárez,3810.0,,
1338,Restaurante,Burger King,"Calzada Legaria, No. 252",Ventura Pérez de Alva,Miguel Hidalgo,11430.0,,
1339,Restaurante,Burger King,"Periferico Sur, No. 6399",Arenal Tepepan,Tlalpan,14610.0,,
1340,Restaurante,Burger King,Avenida José Loreto Fabela 55,San Juan de Aragón,Gustavo A. Madero,7950.0,,
1341,Restaurante,Burger King,Avenida Sara 4631,Guadalupe de Tepeyac,Gustavo A. Madero,7840.0,,
1342,Restaurante,Burger King,"Av. Universidad, No. 707",Del Valle,Benito Juárez,3100.0,,
1343,Restaurante,Burger King,"Av. del Iman, No. 151",Ajusco,Coyoacán,4300.0,,
1344,Restaurante,Burger King,Calzada de Guadalupe 431,Guadalupe de Tepeyac,Gustavo A. Madero,7840.0,,
1345,Restaurante,Burger King,"Av. Periférico Sur, No. 3369",San Jerónimo,La Magdalena Contreras,10200.0,,
1346,Restaurante,Burger King,"Calzada de los Leones, No. 206",Los Alpes,Álvaro Obregón,1010.0,,
1347,Restaurante,Hooters Vallejo,"Calzada Vallejo, No.1090",Santa Cruz de las Salinas,Azcapotzalco,2340.0,,
1348,Restaurante,Burger King,"Av. Tlahuac, No. 989",Lomas Estrella,Iztapalapa,9890.0,,
1349,Restaurante,Burger King,Eduardo Molina 1623,El Coyol,Gustavo A. Madero,7420.0,,
1350,Restaurante,Restaurante Principado,"Serapio Rendón, No. 124",San Rafael,Cuauhtémoc,6470.0,,
1351,Restaurante,Restaurante Bar Río Nanzas,"Río Lerma, No. 31",Cuauhtémoc,Cuauhtémoc,6500.0,,
1352,Restaurante,Restaurantes Y Bares Corinto,"Vallarta, No. 24",Tabacalera,Cuauhtémoc,6300.0,,
1353,Restaurante,Restaurante Copacabana,Avenida Cien Metros 4823,Ampliación Panamericana,Gustavo A. Madero,7770.0,,
1354,Restaurante,The Bistro,Av. Revolución 333,Tacubaya,Miguel Hidalgo,11870.0,,
1355,Restaurante,Sanborns,Av. Río Churubusco No. 1540,Iztacalco,Iztacalco,6040.0,,
1356,Restaurante,Sanborns,Calzada de Tlalpan No. 744,La Moderna,Benito Juárez,3510.0,,
1357,Restaurante,Sanborns,Xola No. 1856,Narvarte,Benito Juárez,3020.0,,
1358,Restaurante,Sanborns,División del Norte No. 1164,Del Valle,Benito Juárez,3100.0,,
1359,Restaurante,Mag Tacos,Isabel La Católica 423,Obrera,Cuauhtémoc,6800.0,,
1360,Restaurante,Restaurante Antiguo Palacio De Coyoacán,Parque Centenario No.15,Villa Coyoacán,Coyoacán,4000.0,,
1361,Restaurante,Restaurante Liverpool Y Rincón Perisur,Anillo Periférico No. 4690,Jardines del Pedregal,Coyoacán,4500.0,,
1362,Restaurante,Maiz Y Olivo,Álvaro Obregón 13,Roma,Álvaro Obregón,6700.0,,
1363,Restaurante,Sanborns,Melchor Ocampo No. 193,Verónica Anzures,Miguel Hidalgo,11300.0,,
1364,Restaurante,Sanborns,Eje 1 Norte Mosqueta No. 259 SA-PB-03,Buenavista,Cuauhtémoc,6350.0,,
1365,Restaurante,Sanborns,Av. Del Conscripto No. 311,Lomas de Sotelo,Miguel Hidalgo,11200.0,,
1366,Restaurante,Sanborns,Lago Zurich No. 245,Granada,Miguel Hidalgo,11529.0,,
1367,Restaurante,Restaurante Zanaya -Hotel Four Seasons Cdmx-,"Avenida Reforma, No.500",Juárez,Cuauhtémoc,6600.0,,
1368,Restaurante,Coffee Cart,Juárez No. 70,Cuauhtémoc,Cuauhtémoc,6010.0,,
1369,Restaurante,Barezzito Roma,Oaxaca 79,Roma,Cuauhtémoc,6700.0,,Mixta
1370,Restaurante,Veranda Bistro -Hotel Geneve Ciudad De México-,"Londres, No.130",Juárez,Cuauhtémoc,6600.0,,
1371,Restaurante,Los Arcos Polanco,Av. Presidente Masarik  49,Polanco,Miguel Hidalgo,11510.0,,Pescados Y Mariscos
1372,Restaurante,Pf Chang´S China Bistro,"Av. Cuauhtémoc, No. 462",Narvarte,Benito Juárez,3020.0,,
1373,Restaurante,Pf Chang´S China Bistro,"Montecito, No. 38",Nápoles,Benito Juárez,3810.0,,
1374,Restaurante,Pf Chang´S China Bistro,"Av. Acoxpa, No. 430",Ex Hacienda Coapa,Tlalpan,14430.0,,
1375,Restaurante,The Cheese Cake Factory,"Av. Cuauhtémoc, No. 462",Narvarte,Benito Juárez,3020.0,,
1376,Restaurante,Los Arcos,Av. Insrgentes Sur  1390,Actipan,Benito Juárez,3230.0,,Pescados Y Mariscos
1377,Restaurante,Olive Garden Santa Fe,"Av. Prolongación Paseo de la Reforma No. 400, L R-01",Peña Blanca,Álvaro Obregón,1210.0,,
1378,Restaurante,Biergarten,"Querétaro 225, Terraza 4",Roma Norte,Cuauhtémoc,6700.0,,
1379,Restaurante,Rincón Gourmet,Vermont No.29,Nápoles,Benito Juárez,3810.0,,
1380,Restaurante,Restaurante La Talavera,José Maria Lafragua  No. 7,Tabacalera,Cuauhtémoc,6030.0,,Otra
1381,Restaurante,Cup Stop Aicm,"Capitán Carlos León, S/N, Terminal 2 Triángulo de salidas",Peñón de los Baños,Venustiano Carranza,15620.0,,
1382,Restaurante,Panda Express Reforma 77,"Paseo de la Reforma, No. 77",Tabacalera,Cuauhtémoc,6030.0,,Otra
1383,Restaurante,Restaurante Benidorm,Avenida San Antonio Abad No. 161,Obrera,Cuauhtémoc,6800.0,,
1384,Restaurante,Olive Garden,Miguel Angel de Quevedo No.225 PB18,Romero de Terreros,Coyoacán,4310.0,,
1385,Restaurante,Bar La Terraza,José María Lafragua  No. 7,Tabacalera,Cuauhtémoc,6030.0,,
1386,Restaurante,Cafeteria Seibal Restaurante,José María Lafragua No. 7,Tabacalera,Cuauhtémoc,6030.0,,
1387,Restaurante,Restaurante Legaria,"Calzada Legaria, No. 50",Legaria,Miguel Hidalgo,11410.0,,
1388,Restaurante,Hooters,Av. Universidad No.1778 Loc R-09 y TR-09,Romero de Terreros,Coyoacán,4310.0,,
1389,Restaurante,Restaurante La Huerta,Guillermo Gonzalez Camarena No.300,Centro,Álvaro Obregón,1210.0,,
1390,Restaurante,Token Café,Guillermo Gonzalez Camarena No.300,Centro,Álvaro Obregón,1210.0,,
1391,Restaurante,Hooters,Insurgentes Sur No. 826,Del Valle,Benito Juárez,3100.0,,
1392,Restaurante,Hooters,Av. Universidad No. 734,Letrán Valle,Benito Juárez,3650.0,,
1393,Restaurante,Hilton México City Reforma,AV. Juarez No.70,Centro,Cuauhtémoc,6010.0,,
1394,Restaurante,Asado Del Valle,Río Pánuco No. 137,Cuauhtémoc,Cuauhtémoc,6500.0,,
1395,Restaurante,Te Amo Café,Eje Central Lázaro Cárdenas 898-D,Periodista,Benito Juárez,3620.0,Cafetería,
1396,Restaurante,Haku Tokyo Bar,Tamaulipas 56,Hipódromo,Cuauhtémoc,6100.0,Restaurante,Japonesa
1397,Arrendadora de autos,Promusa Rent Valle,Avenida Coyoacán 750,Del Valle,Benito Juárez,3100.0,Nacional,
1398,Arrendadora de autos,Arguba Transportaciones,Avenida Coyoacán 47,Del Valle,Benito Juárez,3100.0,Nacional,
1399,Arrendadora de autos,AVIS,Montecito 03-13 38,Nápoles,Benito Juárez,3810.0,Internacional,
1400,Arrendadora de autos,AVIS,Av. Juan Salvador Agraz,Desarrollo Santa Fé,Cuajimalpa de Morelos,5200.0,Internacional,
1401,Arrendadora de autos,Autorentas de México,Río Rin 72 local 4,Cuauhtémoc,Cuauhtémoc,6500.0,Nacional,
1402,Arrendadora de autos,Mexitour,Saturno 90,Guerrero,Cuauhtémoc,6300.0,Nacional,
1403,Arrendadora de autos,Casanova Chapultepec,Avenida Chapultepec 442,Roma Norte,Cuauhtémoc,6700.0,Nacional,
1404,Arrendadora de autos,OK Rente un Auto,Zacatecas 7,Roma Norte,Cuauhtémoc,6700.0,Nacional,
1405,Arrendadora de autos,Mer-Car Rent a Car,Cozumel 32 local 2,Roma Norte,Cuauhtémoc,6700.0,Nacional,
1406,Arrendadora de autos,Royal Rent a Car,Medellín 350,Roma Sur,Cuauhtémoc,6760.0,Nacional,
1407,Arrendadora de autos,Eclipse Rent a Car,Avenida Baja California 111,Roma Sur,Cuauhtémoc,6760.0,Nacional,
1408,Arrendadora de autos,National Car Rental,Paseo de la Reforma 107,Tabacalera,Cuauhtémoc,6030.0,Internacional,
1409,Arrendadora de autos,Servicio de Transportación Ejecutivo y Turismo,Calle 34 manzana 2 34 lote 21,El Rodeo,Iztacalco,8510.0,Nacional,
1410,Arrendadora de autos,TYT México,Pedro Antonio de los Santos 13,San Miguel Chapultepec II Sección,Miguel Hidalgo,11850.0,Nacional,
1411,Arrendadora de autos,Alamo Rent a Car,Thiers 195,Verónica Anzures,Miguel Hidalgo,11300.0,Internacional,
1412,Arrendadora de autos,National Car Rental,Capitan Carlos N. León,Col. Peñon de los Baños,Venustiano Carranza,15520.0,Internacional,
1413,Guías de Turistas,Liliana Aguillón Flores,1a Cda. Begonias No.6,Nueva Santa María,Azcapotzalco,2800.0,General (NOM08),
1414,Guías de Turistas,Rodrigo Jesús Reyes Martínez,"Tezonapa, No. 56",Santa María Malinalco,Azcapotzalco,2050.0,General (NOM08),
1415,Guías de Turistas,Guillermo Tejeda Canan,"Poza Rica, No.118",Petrolera,Azcapotzalco,2480.0,General (NOM08),
1416,Guías de Turistas,Edmundo Martínez Villegas,"Clavel, No.313-6",Nueva Santa María,Azcapotzalco,2800.0,General (NOM08),
1417,Guías de Turistas,Alejandro Pantoja Castro,Andador Osa Mayor No. 152,Unidad El Rosario,Azcapotzalco,2100.0,General (NOM08),
1418,Guías de Turistas,Claudia Margarita Servin Rosas,Campo Moralillo No. 135 BIS,Reynosa Tamaulipas,Azcapotzalco,2200.0,General (NOM08),
1419,Guías de Turistas,Francisco Javier Correa Garduño,"Av. Libertad, No. 100.",Pedregal de Carrasco,Coyoacán,4700.0,General (NOM08),
1420,Guías de Turistas,Maria Ligia Preza Ayala,"Cerro de la Estrella, No.109",Campestre Churubusco,Coyoacán,4200.0,General (NOM08),
1421,Guías de Turistas,Claudia Veronica Calderón Romero,Piramide de la Luna No. 102,Avante,Coyoacán,4460.0,General (NOM08),
1422,Guías de Turistas,Marcos Martínez Razo,"Av. Aztecas, No. 259",Ajusco,Coyoacán,4300.0,General (NOM08),
1423,Guías de Turistas,Claudia Patricia Arroyo Adams,"Zaragoza 30, C2",Barrio Santa Catarina,Coyoacán,4010.0,General (NOM08),
1424,Guías de Turistas,César Alejandro Pérez Terán,Acatempa No. 186,Pedregal de Santo Domingo,Coyoacán,4369.0,General (NOM08),
1425,Guías de Turistas,Rafael Michel Balcazar,Tenis No. 157,Country Club,Coyoacán,4220.0,General (NOM08),
1426,Guías de Turistas,Fernando Plaza Pozos,Rancho La Verónica No.128,Campestre,Coyoacán,4890.0,General (NOM08),
1427,Guías de Turistas,Victor Manuel Recillas Olivares,Rancho Colorado No. 101 Bis,Residencial Santa Cecilia,Coyoacán,4920.0,General (NOM08),
1428,Guías de Turistas,Gabriel Evencio Gómez González,Viena Interior 2 No.201,Del Carmen,Coyoacán,4100.0,General (NOM08),
1429,Guías de Turistas,José Luis Álvarez Reyes,Av. Calzada Miramontes No.24-401,Alianza Popular Revolucionaria,Coyoacán,4500.0,General (NOM08),
1430,Guías de Turistas,Máximo Román López Osorio,Prolongacion Santa Tecla No.61,Unidad Habitacional Los Reyes,Coyoacán,4330.0,General (NOM08),
1431,Guías de Turistas,Fernando Perez Peralta,Paseo de las Higueras 150-1301,Paseos de Taxqueña,Coyoacán,4250.0,General (NOM08),
1432,Guías de Turistas,Jonas Vanreusel,Av. Alvaro Galvez y Fuentes No.309,Educación,Coyoacán,4400.0,General (NOM08),
1433,Guías de Turistas,Alfredo Hernández Murillo,Av. Universidad No. 2014,Copilco,Coyoacán,4350.0,General (NOM08),
1434,Guías de Turistas,Ana Lilia Marichi Pérez,Rosario Castellanos No. 163 B,CTM 8 Culhuacán,Coyoacán,4480.0,General (NOM08),
1435,Guías de Turistas,Kimberly Sumano Ortega,Hacienda de la Flor No. 64,Villa Quietud,Coyoacán,4960.0,General (NOM08),
1436,Guías de Turistas,Eduardo Díaz Alcántara,Casiopea No. 67,Prado Churubusco,Coyoacán,4230.0,General (NOM08),
1437,Guías de Turistas,Jesús Abrego Romero,"2 Casitas, Mz. 22, No. 5",Jalapa El Grande,Cuajimalpa de Morelos,1290.0,General (NOM08),
1438,Guías de Turistas,Minerva Esquivel Flores,Porfirio Díaz No. 10,San Mateo Tlaltenango,Cuajimalpa de Morelos,5600.0,General (NOM08),
1439,Guías de Turistas,Angélica Marlen Alva Méndez,Calle 1511 22,Unidad San Juan de Aragón,Gustavo A. Madero,7918.0,General (NOM08),
1440,Guías de Turistas,David Linares Quintana,Andador 31 de Marzo 3,Unidad CTM Atzacoalco,Gustavo A. Madero,7090.0,General (NOM08),
1441,Guías de Turistas,Julio Leobardo González Olea,"Norte 1-A , 4816",Maximino Ávila Camacho,Gustavo A. Madero,7380.0,General (NOM08),
1442,Guías de Turistas,Héctor Manuel Jacobo Castillo,"Malintzin, 83",Estrella,Gustavo A. Madero,7810.0,General (NOM08),
1443,Guías de Turistas,Laura Martín Del Campo García,Entrada Foro Edificio 81-6,La Patera Vallejo,Gustavo A. Madero,7710.0,General (NOM08),
1444,Guías de Turistas,Mateo Máximo Sánchez Soriano,Talpa 225,San Felipe de Jesús,Gustavo A. Madero,7510.0,General (NOM08),
1445,Guías de Turistas,Fernando Ogazón Fernández,Calle Oriente 2 Manzana 54,Cuchilla del Tesoro,Gustavo A. Madero,7900.0,General (NOM08),
1446,Guías de Turistas,Miguel Ángel Leija Navarro,Andador 31 de Marzo 5,Unidad CTM Atzacoalco,Gustavo A. Madero,7090.0,General (NOM08),
1447,Guías de Turistas,Roberto Mejía Morales,Francisco Sarabia 17,Cuautepec Barrio Alto,Gustavo A. Madero,7110.0,General (NOM08),
1448,Guías de Turistas,José Roberto Mejía Tinoco,Francisco Sarabia 17,Cuautepec Barrio Alto,Gustavo A. Madero,7110.0,General (NOM08),
1449,Guías de Turistas,Guillermo Bonilla Alvarez,Francisco J. Macin 3 Andador 31,CTM El Risco,Gustavo A. Madero,7090.0,General (NOM08),
1450,Guías de Turistas,Noe Mejia Delgado,Camino de la Unión 16,Campestre Aragón,Gustavo A. Madero,7530.0,General (NOM08),
1451,Guías de Turistas,Jesús Bolaños Nuñez,Calzada Guadalupe 434,Industrial,Gustavo A. Madero,7800.0,General (NOM08),
1452,Guías de Turistas,Delia Torres Hernández,Ignacio Ramíres 3,Ampliación Gabriel Hernández,Gustavo A. Madero,7080.0,General (NOM08),
1453,Guías de Turistas,César Eduardo Bonilla Jiménez,Avenida Ferrocarril Hidalgo 7337,Tablas de San Agustín,Gustavo A. Madero,7860.0,General (NOM08),
1454,Guías de Turistas,Maria Esther Romero Padilla,Septima Callejón de Secretaria No.8,Campestre Aragón,Gustavo A. Madero,7530.0,General (NOM08),
1455,Guías de Turistas,Alberto Carrillo Pacheco,Avenida Tecnológico 100,Del Bosque,Gustavo A. Madero,7207.0,General (NOM08),
1456,Guías de Turistas,Héctor Gómez Gómez,Avenida Paseo de la Reforma Norte 730,Unidad Habitacional Nonoalco Tlatelolco,Gustavo A. Madero,6900.0,General (NOM08),
1457,Guías de Turistas,Raúl Reyes Barajas,Estado de Jalisco 141,Providencia,Gustavo A. Madero,7550.0,General (NOM08),
1458,Guías de Turistas,Roberto Espinosa Mandujano,Volcán Quetzaltenango 115,Ampliación Providencia,Gustavo A. Madero,7560.0,General (NOM08),
1459,Guías de Turistas,Alejandro Rangel Alvarado,"Norte 23, 18",Nueva Vallejo,Gustavo A. Madero,7720.0,General (NOM08),
1460,Guías de Turistas,Jose Alfredo Martínez Delgado,Andador 35 de Luis Yurén 26,Unidad Habitacional CTM El Risco,Gustavo A. Madero,7090.0,General (NOM08),
1461,Guías de Turistas,Maribel Lugo Jaimes,Avenida 557 número 222,San Juan de Aragón,Gustavo A. Madero,7969.0,General (NOM08),
1462,Guías de Turistas,Claudia Vásquez Farías,"Picos 2A, Mz. 1, Lt. 13",Picos de Iztacalco,Iztacalco,8760.0,General (NOM08),
1463,Guías de Turistas,Roberto Álvaro Arellano,"Sur 115, No. 2257",Juventino Rosas,Iztacalco,8700.0,General (NOM08),
1464,Guías de Turistas,Rafael Bruno Ledesma Zarza,"Canela, No.469",Juventino Rosas,Iztacalco,8400.0,General (NOM08),
1465,Guías de Turistas,Lidia Herrera Esparza,Dos 203 D-PB07,Agrícola Pantitlán,Iztacalco,8100.0,General (NOM08),
1466,Guías de Turistas,Mario Herrera Mariño,"Sur 73, No. 4443, Depto. 13",Viaducto Río de la Piedad,Iztacalco,8200.0,General (NOM08),
1467,Guías de Turistas,Emiliano Camarena Huerta,Zapotla No. 33,Zapotla,Iztacalco,8610.0,General (NOM08),
1468,Guías de Turistas,Juan José Aguilar Sánchez,Zapotla No.33,Zapotla,Iztacalco,8610.0,General (NOM08),
1469,Guías de Turistas,Leticia Chaires Alvarado,Laurel No.84,Agrícola Pantitlán,Iztacalco,8100.0,General (NOM08),
1470,Guías de Turistas,Mario Douglas González Sánchez,Oriente 243C No.198,Agrícola Oriental,Iztacalco,8500.0,General (NOM08),
1471,Guías de Turistas,José De Jesús Cuevas Mejía,Villa Obregon No. 138,Metropolitana 3ra. Sección,Iztapalapa,57750.0,General (NOM08),
1472,Guías de Turistas,Efrain Martin Hernández Ceja,Las Rosas No.52,Apatlaco,Iztapalapa,9430.0,General (NOM08),
1473,Guías de Turistas,Miriam Azucena Mateos Gómez,Gral. Antonio León No.178,Juan Escutia,Iztapalapa,9100.0,General (NOM08),
1474,Guías de Turistas,Anselmo Hernandez Martínez,Smz 3 Mz6 Lote 18,Unidad Habitacional Ejército Constitucionalista,Iztapalapa,9220.0,General (NOM08),
1475,Guías de Turistas,Arturo Ramírez Marroquín,"Prol. Plutarco E. Calles, No. 230, Int. Q-102",Ejército Constitucionalista,Iztapalapa,9220.0,General (NOM08),
1476,Guías de Turistas,Ana Damaris Martínez Estrada,"11 de Enero de 1861, Mz.111, Lte.1161",Leyes de Reforma,Iztapalapa,9310.0,General (NOM08),
1477,Guías de Turistas,Leonel Vargas Cortes,Manzanares No.3,San Juan Xalpa,Iztapalapa,9850.0,General (NOM08),
1478,Guías de Turistas,Alejandro Robles Aguilar,Andador Fco. Zamarripa Mz 31 4 Secc.18,Unidad Ermita Zaragoza,Iztapalapa,9180.0,General (NOM08),
1479,Guías de Turistas,César Gabriel Martínez Guzmán,Calle Oculistas No. 33,El Sifón,Iztapalapa,9400.0,General (NOM08),
1480,Guías de Turistas,José Jaime Jiménez Herrera,Eje 3 Sur Rio Frio No. 479,Cuchilla del Moral,Iztapalapa,9319.0,General (NOM08),
1481,Guías de Turistas,Pedro Romero Ramos,"Calle 2 de Luis Araiza, No. 34",Unidad Vicente Guerrero,Iztapalapa,9200.0,General (NOM08),
1482,Guías de Turistas,Paola Lizett Zepeda Ortiz,Av. Porfirio del castillo No.28,Constitución de 1917,Iztapalapa,9260.0,General (NOM08),
1483,Guías de Turistas,Andres Maceda Ayala,Manuel Escandon No.64-599,Álvaro Obregón,Iztapalapa,9208.0,General (NOM08),
1484,Guías de Turistas,Roberto Garcia Pimentel,Francisco Mena,Vicente Guerrero,Iztapalapa,9200.0,General (NOM08),
1485,Guías de Turistas,Rodrigo Maya Hernández,"Calle No. 12, Int. 26",José López Portillo,Iztapalapa,9920.0,General (NOM08),
1486,Guías de Turistas,Sergio Sánchez Loyola,Roberto Gómez Moreno No. 416,Escuadrón 201,Iztapalapa,9060.0,General (NOM08),
1487,Guías de Turistas,José Luis Galvan García,Alcanfores No. 26 - 4,Valle del Sur,Iztapalapa,9810.0,General (NOM08),
1488,Guías de Turistas,Fermin Vázquez Hernández,Av. San Jeróimo No.2381,Pueblo Nuevo Alto,La Magdalena Contreras,10600.0,General (NOM08),
1489,Guías de Turistas,Paloma Arenas Meléndez,Jacarandas 16,Las Palmas,La Magdalena Contreras,10370.0,General (NOM08),
1490,Guías de Turistas,Ricardo Gómez Zamora,Prolongación Iturbide Poniente No. 4,Pueblo San Salvador Cuahutenco,Milpa Alta,12300.0,General (NOM08),
1491,Guías de Turistas,Cristhian Flores Carreón,General Antonio Rosales No.6,Santa Fe,Álvaro Obregón,1210.0,General (NOM08),
1492,Guías de Turistas,Joel Flores Carreón,General Antonio Rosales No.1864,Santa Fe,Álvaro Obregón,1210.0,General (NOM08),
1493,Guías de Turistas,Abraham Martin Mejia Pliego,Puqunas No.23,Segundo Rdo. Tlacuitlapa,Álvaro Obregón,1650.0,General (NOM08),
1494,Guías de Turistas,Jesús Hernández Ayala,Ibis No.21,Ampliación Tepeaca,Álvaro Obregón,1550.0,General (NOM08),
1495,Guías de Turistas,Domitila Yolanda Tapia Peña,"Nellie Compobello, No129",Unidad Demet,Álvaro Obregón,1180.0,General (NOM08),
1496,Guías de Turistas,Cesar Ernesto Ibarra Ortega,Rosa Blanca No.108,Molino de Rosas,Álvaro Obregón,1470.0,General (NOM08),
1497,Guías de Turistas,Silverio Caro Ramirez,Arcadas No. 55,Colina del Sur,Álvaro Obregón,1430.0,General (NOM08),
1498,Guías de Turistas,Julio César Carmona Aguilar,"Andador de las Higueras, Manzana 1-A #5",Canotillo,Álvaro Obregón,1560.0,General (NOM08),
1499,Guías de Turistas,Edgar Ulises Castillo Escutia,Toltecas No.166,Carola,Álvaro Obregón,1180.0,General (NOM08),
1500,Guías de Turistas,Hector Morales Gutierrez,Rosa Estrella,Molino de Rosas,Álvaro Obregón,1470.0,General (NOM08),
1501,Guías de Turistas,Xchel Luciano Hurtado,Avenida Central No. 471,Unidad Habitacional Lomas de Becerra,Álvaro Obregón,1280.0,General (NOM08),
1502,Guías de Turistas,María Dalila Calvario Benítez,Juan Bautista No.450,La Nopalera,Tláhuac,13220.0,General (NOM08),
1503,Guías de Turistas,Angelica Rubi Cruz Cruz,1RA. CDA. De la Barranca NO 14,El Rosario,Tláhuac,13540.0,General (NOM08),
1504,Guías de Turistas,Abraham Campos Alba,"Lázaro Cárdenas, No. 32",La Conchita Zapotitlán,Tláhuac,13360.0,General (NOM08),
1505,Guías de Turistas,Laura Del Pilar Silva López,Arabella No. 171,Miguel Hidalgo,Tláhuac,13200.0,General (NOM08),
1506,Guías de Turistas,Elvia Palma Pérez,Carlos Martínez Gil mz 121 Lte 952,San José,Tláhuac,13020.0,General (NOM08),
1507,Guías de Turistas,Jaime Akbalan López Zúñiga,"Partizan, No. 31",Arboledas del Sur,Tlalpan,14376.0,General (NOM08),
1508,Guías de Turistas,Pedro Isaac López Zúñiga,Partizan No. 31,Arboledas del Sur,Tlalpan,14376.0,General (NOM08),
1509,Guías de Turistas,Pablo Yuichi Nishino Soreque,Camono a Santa Teresa No. 13 Edificio 4-104,Pedregal del Lago,Tlalpan,14110.0,General (NOM08),
1510,Guías de Turistas,Arturo Hideo Yamada Fujiyoshi,"Hacienda Acambay, No. 101",Prado Coapa,Tlalpan,14350.0,General (NOM08),
1511,Guías de Turistas,Paola Vanessa Parra Fernández,"Yaxcaba, Mz. 142, Lt. 6 - A",Pedregal de San Nicolás,Tlalpan,14100.0,General (NOM08),
1512,Guías de Turistas,Edmundo Alberto Mendoza Islas,"Gonzalo Garita Mz.26, Lt.24",Ampliación Miguel Hidalgo,Tlalpan,14250.0,General (NOM08),
1513,Guías de Turistas,César Daniel Noguez Valdez,Calkini M.422 L.4,Héroes de Padierna,Tlalpan,14200.0,General (NOM08),
1514,Guías de Turistas,Isaac López Rosales,Partizán No. 31,Arboledas del Sur,Tlalpan,14376.0,General (NOM08),
1515,Guías de Turistas,Carlos Alberto Nava Montes,Cupulas No.118,Jardines del Sur,Xochimilco,16050.0,General (NOM08),
1516,Guías de Turistas,Alberto Jiménez Macías,"Emiliano Zapata, No. 10",Santa María Nativitas,Xochimilco,16450.0,General (NOM08),
1517,Guías de Turistas,María Del Carmen Laura Gálvez Ortíz,"Rincón de la Hacienda, No. 23",Bosque Residencial del Sur,Xochimilco,16010.0,General (NOM08),
1518,Guías de Turistas,Abel Aguilera Aguilar,"Ignacio Zaragoza, No.11A",San Juan Tepepan,Xochimilco,16020.0,General (NOM08),
1519,Guías de Turistas,Horacio Javier Rodas Luna,Cruztitla No.8,Barrio 18,Xochimilco,16034.0,General (NOM08),
1520,Guías de Turistas,María Elizabeth Bergmann Meibner,Av. Acueducto No.645,Santiago Tepalcatlalpan,Xochimilco,16200.0,General (NOM08),
1521,Guías de Turistas,María Anna Bergmann Geb Meissner,Av. Acueducto No.645,Santiago Tepalcatlalpan,Xochimilco,16200.0,General (NOM08),
1522,Guías de Turistas,Adriana María Dolores González González,"Retorno de Aldama, No. 60, Casa 1",San Juan Tepepan,Xochimilco,16020.0,General (NOM08),
1523,Guías de Turistas,Tania Rubi Rojas Camargo,Andrea del Castagno 76 int 501,Nonoalco,Benito Juárez,3700.0,General (NOM08),
1524,Guías de Turistas,Maria De Los Angeles Viadas,"Xochicalco, No.126-303",Narvarte Oriente,Benito Juárez,3020.0,General (NOM08),
1525,Guías de Turistas,Natalia Torres Llacsa,Castilla Int.7 No.241,Álamos,Benito Juárez,3400.0,General (NOM08),
1526,Guías de Turistas,Roberto Escartín Arroyo,Presidentes No.173-404,Portales,Benito Juárez,3300.0,General (NOM08),
1527,Guías de Turistas,David Rodrigo Zaragoza López,"Tokio 514, Depto. 505",Portales,Benito Juárez,3300.0,General (NOM08),
1528,Guías de Turistas,Virginia Angélica Rodríguez Merlevede,Petén No.218,Narvarte Piedad,Benito Juárez,3023.0,General (NOM08),
1529,Guías de Turistas,Hilda Violeta Becerra Ledezma,"División del Norte, No.1125",Del Valle,Benito Juárez,3100.0,General (NOM08),
1530,Guías de Turistas,Rafael Pérez Mendía,Cerrada Felix Cuevas 40 No. 1,Tlacoquemacatl del Valle,Benito Juárez,3200.0,General (NOM08),
1531,Guías de Turistas,Martin Vallejo Ramirez,Navarra No. 62,Álamos,Benito Juárez,3400.0,General (NOM08),
1532,Guías de Turistas,Joanna Siwkowska,"Esperanza, No.962",Narvarte,Benito Juárez,3020.0,General (NOM08),
1533,Guías de Turistas,Alicia Guadalupe Palacios Meza,Reembolsos No.32,Postal,Benito Juárez,3410.0,General (NOM08),
1534,Guías de Turistas,Jacqueline Margaret Fernández Azueta,Mina No.140,Narvarte,Benito Juárez,6300.0,General (NOM08),
1535,Guías de Turistas,Victor Ramón Bueno Rodríguez,Reembolsos No.32,Postal,Benito Juárez,3410.0,General (NOM08),
1536,Guías de Turistas,María De Lourdes Cornejo Hernández,Navarra No.69,Álamos,Benito Juárez,3400.0,General (NOM08),
1537,Guías de Turistas,Jorge Demetrio Gay Mayoral,"Calle José María Ollaqui, No.22",Del Valle Sur,Benito Juárez,3100.0,General (NOM08),
1538,Guías de Turistas,Juan Ramón Jiménez Villarreal,"Palenque, No.46",Narvarte,Benito Juárez,3020.0,General (NOM08),
1539,Guías de Turistas,Santiago Guerrero Herrera,Av. Tres No. 75 B1,San Pedro de los Pinos,Benito Juárez,3800.0,General (NOM08),
1540,Guías de Turistas,Isaac Amézquita Jiménez,Av. Division del Norte No.19,Del Valle,Benito Juárez,3100.0,General (NOM08),
1541,Guías de Turistas,Francisco Javier Cabral Vignola,"Avenida Primero de Mayo, No.89",8 de Agosto,Benito Juárez,3820.0,General (NOM08),
1542,Guías de Turistas,Oscar Germán Maciel Ávila,Avenida Santiago No. 50,Moderna,Benito Juárez,3510.0,General (NOM08),
1543,Guías de Turistas,Moir Alonso,Boston 21 Departamento 9,Nochebuena,Benito Juárez,3720.0,General (NOM08),
1544,Guías de Turistas,Jesús González San Germán,"Calle Alfonso Herrera 11, No.102",San Rafael,Cuauhtémoc,6470.0,General (NOM08),
1545,Guías de Turistas,Jorge Victor Belmonte Martinez,Manuel Gonzalez 42 edif Baja California a 301,Nonoalco,Cuauhtémoc,6900.0,General (NOM08),
1546,Guías de Turistas,Vanessa Lisette Carcaño Rayon,Toribio Medina 15,Algarín,Cuauhtémoc,6880.0,General (NOM08),
1547,Guías de Turistas,Ana Guadalupe Lopez Beltran,Colima  No. 209 Depto. 201,Roma Sur,Cuauhtémoc,6700.0,General (NOM08),
1548,Guías de Turistas,Marion Elisabeth Fein Haas,Quintana Roo No. 131,Condesa,Cuauhtémoc,6170.0,General (NOM08),
1549,Guías de Turistas,Rossella Moccia Scheggi,Durango Depto 204 No. 108,Roma Sur,Cuauhtémoc,6700.0,General (NOM08),
1550,Guías de Turistas,Miguel Ángel Guadarrama Escobar,"Barcelona 5 C, No.3",Juárez,Cuauhtémoc,6600.0,General (NOM08),
1551,Guías de Turistas,Adrián N. Arias Melo Granados,Rio Amur No.20 PB,Cuauhtémoc,Cuauhtémoc,6500.0,General (NOM08),
1552,Guías de Turistas,Ellen Adriana Paap Hamelink,Cozumel No.5-4,Roma Norte,Cuauhtémoc,6700.0,General (NOM08),
1553,Guías de Turistas,Edgar Galván Miranda,"Mascagni, No. 26",Ex Hipódromo de Peralvillo,Cuauhtémoc,6250.0,General (NOM08),
1554,Guías de Turistas,Ma Dolores Rodríguez Merchán,"Álvaro Obregón, No. 230, Int. 4",Roma,Cuauhtémoc,6700.0,General (NOM08),
1555,Guías de Turistas,Carlos Hernández Sánchez,"Puebla 51, No. 7",Roma Norte,Cuauhtémoc,6700.0,General (NOM08),
1556,Guías de Turistas,Angelina Del Rosario Rosas Chávez,Puebla No. 416,Roma Norte,Cuauhtémoc,6700.0,General (NOM08),
1557,Guías de Turistas,Rosendo Manuel San Juan López,Puebla No. 416,Roma Norte,Cuauhtémoc,6700.0,General (NOM08),
1558,Guías de Turistas,Norberto Ramírez Mendiola,Florencia No. 57,Zona Rosa,Cuauhtémoc,2100.0,General (NOM08),
1559,Guías de Turistas,Francisco Barrios Villanueva,Gómez Farías No. 61 - K,San Rafael,Cuauhtémoc,6470.0,General (NOM08),
1560,Guías de Turistas,María Julieta López Flores,"Chihuahua, No.47",Roma,Cuauhtémoc,6700.0,General (NOM08),
1561,Guías de Turistas,Juan Martínez Jiménez,Copenhague No. 24 - 201,Juárez,Cuauhtémoc,6600.0,General (NOM08),
1562,Guías de Turistas,Martha Dora Loayza Espinosa,"AV. Medellin, No.311",Roma Sur,Cuauhtémoc,6760.0,General (NOM08),
1563,Guías de Turistas,Salvador Cobela Islas,"Abraham Gonzalez, No.123",Juárez,Cuauhtémoc,6600.0,General (NOM08),
1564,Guías de Turistas,Luis German Leonardo Rodriguez Villena,Estrella No. 168,Buenavista,Cuauhtémoc,6350.0,General (NOM08),
1565,Guías de Turistas,Irene Vannucci,Nuevo León,Hipódromo Condesa,Cuauhtémoc,6140.0,General (NOM08),
1566,Guías de Turistas,Juan Antonio Chávez Pérez,Ignacio Mariscal No.93,Tabacalera,Cuauhtémoc,6030.0,General (NOM08),
1567,Guías de Turistas,Jorge Adolfo Rodríguez Mireles,Av. R. Flores Magón No. 422 Int.5,Santa María La Rivera,Cuauhtémoc,6400.0,General (NOM08),
1568,Guías de Turistas,Rodolfo Raya Aguilar,Paseo de la Reforma No. 500,Juárez,Cuauhtémoc,6600.0,General (NOM08),
1569,Guías de Turistas,Felipe Alejandro Velázquez Gutiérrez,"Dr. Olvera, No. 71",Doctores,Cuauhtémoc,6720.0,General (NOM08),
1570,Guías de Turistas,Mario Palma Hernández,"Paseo de la Reforma, No. 500",Juárez,Cuauhtémoc,6600.0,General (NOM08),
1571,Guías de Turistas,Norma Patrica López Becerra,Av. Manuel González No.42 Int. A-301,Nonoalco,Cuauhtémoc,6900.0,General (NOM08),
1572,Guías de Turistas,Jose De Jesus Solano Zamora,Paseo de la Reforma No. 500,Juárez,Cuauhtémoc,6600.0,General (NOM08),
1573,Guías de Turistas,Leonel Rivera Aguilar,"Río Lerma, No. 119",Cuauhtémoc,Cuauhtémoc,6500.0,General (NOM08),
1574,Guías de Turistas,Héctor Villagómez Hernández,"Ramón Fabié, No. 210",Asturias,Cuauhtémoc,6850.0,General (NOM08),
1575,Guías de Turistas,José De Jesús Pérez González,"Paseo de la Reforma, No. 439",Cuauhtémoc,Cuauhtémoc,6500.0,General (NOM08),
1576,Guías de Turistas,Erick Soubervielle González,Agustín Delgado No.27,Tránsito,Cuauhtémoc,6820.0,General (NOM08),
1577,Guías de Turistas,Brenda Lizeth Eulage Juárez,Ignacio Mariscal No.42,Tabacalera,Cuauhtémoc,6030.0,General (NOM08),
1578,Guías de Turistas,Silvia Uribe Anguiano,San Fernando No. 44 - 3,Guerrero,Cuauhtémoc,6300.0,General (NOM08),
1579,Guías de Turistas,Guadalupe Enrique Gaytán Perrusquia,"E.V Guerrero 343, Donato Guerra D 308",Unidad Habitacional Tlatelolco,Cuauhtémoc,6010.0,General (NOM08),
1580,Guías de Turistas,Anselmo Zamora Méndez,"Paseo de la Reforma, No. 1",Tabacalera,Cuauhtémoc,6030.0,General (NOM08),
1581,Guías de Turistas,Carmen Bojorges Mendez,Carpio #63-B501,Santa María La Rivera,Cuauhtémoc,6400.0,General (NOM08),
1582,Guías de Turistas,Angel Jimenez Aquino,Dr. García Diego No. 101-504,Doctores,Cuauhtémoc,6720.0,General (NOM08),
1583,Guías de Turistas,Marco Antonio Alfaro Molina,Zacatecas No.230,Roma Norte,Cuauhtémoc,6700.0,General (NOM08),
1584,Guías de Turistas,Mario Alberto Herrera Perales,Avenida Reforma No. 500,Cuauhtémoc,Cuauhtémoc,6600.0,General (NOM08),
1585,Guías de Turistas,Francisco Nava Culebro,Guerrero No. 325,Unidad Habitacional Tlatelolco,Cuauhtémoc,6900.0,General (NOM08),
1586,Guías de Turistas,Priscila Rodríguez Mateos,"Av. Constituyentes, No. 703 D-1",16 de Septiembre,Miguel Hidalgo,11810.0,General (NOM08),
1587,Guías de Turistas,Miguel Angel Paredes Maldonado,"Martinez de la Conquista, No.119",Escandón,Miguel Hidalgo,11800.0,General (NOM08),
1588,Guías de Turistas,Juan Antonio Medra Márquez,"Campos Eliseos, No. 2018",Polanco,Miguel Hidalgo,11510.0,General (NOM08),
1589,Guías de Turistas,Felix Acevedo Ramirez,Calle Salvador Diaz Miron No. 38,Un Hogar para Nosotros,Miguel Hidalgo,11330.0,General (NOM08),
1590,Guías de Turistas,Zoala Zuñiga Silva,Gutemberg,Verónica Anzures,Miguel Hidalgo,11590.0,General (NOM08),
1591,Guías de Turistas,José Fernando Chávez,Andrés Bello,Polanco,Miguel Hidalgo,11560.0,General (NOM08),
1592,Guías de Turistas,Ricardo Jasso Cuenca,Lago Patzcuaro No.91,Anáhuac,Miguel Hidalgo,11320.0,General (NOM08),
1593,Guías de Turistas,Ricardo López Salinas,Sur 132 No. 46,América,Miguel Hidalgo,11820.0,General (NOM08),
1594,Guías de Turistas,Israel Mendoza Gónzalez,Av. Morelos No.431,Magdalena Mixihuca,Venustiano Carranza,15800.0,General (NOM08),
1595,Guías de Turistas,Noé Reyes Hernández,"Norte 192, No. 661",Pensador Mexicano,Venustiano Carranza,15510.0,General (NOM08),
1596,Guías de Turistas,Leonardo Alejandro Jiménez Sánchez,"Sericultura, No. 287",20 de Noviembre,Venustiano Carranza,15300.0,General (NOM08),
1597,Guías de Turistas,Joaquín Torres Manzano,Oriente 160 No.54 Interior 3,Moctezuma 2a. Sección,Venustiano Carranza,15530.0,General (NOM08),
1598,Guías de Turistas,Jorge Mauricio Garcia Lomeli,Retorno 15 Galindo y Villa No.56 A,Jardín Balbuena,Venustiano Carranza,15900.0,General (NOM08),
1599,Guías de Turistas,Gaston Gonzalez Cortes,Ixnahualtongo No.99,Lorenzo Boturini,Venustiano Carranza,15820.0,General (NOM08),
1600,Guías de Turistas,Joaquin Torres,Oriente 160 No.54,Moctezuma 2a. Sección,Venustiano Carranza,15530.0,General (NOM08),
1601,Guías de Turistas,Jorge Ignacio Rodriguez Fernandez,San Ciprian Mz 1 C-21,Merced-Centro,Venustiano Carranza,15100.0,General (NOM08),
1602,Guías de Turistas,Miguel Hernández Nuñez,Av. 8 No.303,Puebla,Venustiano Carranza,15020.0,General (NOM08),
1603,Guías de Turistas,Cesareo Antonio Miguel Ortiz,Trabajo y Previsión Social No. 257,Federal,Venustiano Carranza,15700.0,General (NOM08),
1604,Guías de Turistas,Roberto Santos Mendoza,Av. Catorce No.53,Ignacio Zaragoza,Venustiano Carranza,15000.0,General (NOM08),
1605,Guías de Turistas,Norma Patricia Torres Manzano,"Oriente 160, No.54",Moctezuma 2a. Sección,Venustiano Carranza,15500.0,General (NOM08),
1606,Guías de Turistas,Lucia Zepeda Marín,Recursos Hidraulicos No.82,Cuatro Árboles,Venustiano Carranza,15730.0,General (NOM08),
1607,Guías de Turistas,Alejandro García Saguilan,Blvd. Puerto Aereo No.502,Moctezuma 2a. Sección,Venustiano Carranza,15300.0,General (NOM08),
1608,Guías de Turistas,Roberto Antonio Monroy Mandujano,Corregidora No.140,Centro,Venustiano Carranza,15100.0,General (NOM08),
1609,Guías de Turistas,María Soledad Váldez Henández,Fray Bartólome de las Casas 160,Vasco de Quiroga,Gustavo A. Madero,7440.0,General (NOM08),
1610,Guías de Turistas,Ricardo De La Peña López,Cuitláhuac N. 21-101,Sta. Isabel Tola,Gustavo A. Madero,7010.0,General (NOM08),
1611,Guías de Turistas,Iliana Jocelin Rangel Diaz de León,Godard 89,Héroe de Nacozari,Gustavo A. Madero,7780.0,General (NOM08),
1612,Guías de Turistas,Karla Alejandra Granados Rodríguez,Matanzas 947,Lindavista,Gustavo A. Madero,7300.0,General (NOM08),
1613,Guías de Turistas,Victor Hugo Montes Aguilar,Eureka 47,Industrial,Gustavo A. Madero,7800.0,General (NOM08),
1614,Guías de Turistas,Arturo Vega Torres,Escuela Industrial 131,Industrial,Gustavo A. Madero,7800.0,General (NOM08),
1615,Guías de Turistas,Luis Fernando Ortiz Martinez,Cerrada Juan Francisco 4,Pueblo San Juan Aragon,Gustavo A. Madero,7950.0,General (NOM08),
1616,Guías de Turistas,Stefani Belen Santos Saldaña,Buenavista 76,Lindavista,Gustavo A. Madero,6300.0,General (NOM08),
1617,Agencia Integradora De Servicios,Xcape,Avenida Moliere No. 311 Piso 1,Polanco,Miguel Hidalgo,11550.0,Agencia Integradora De Servicios,
1618,Agencia Integradora De Servicios,Ozum Events,"Av. Insurgentes Sur, No.1783",Guadalupe Inn,Álvaro Obregón,1020.0,Agencia Integradora De Servicios,
1619,Agencia Integradora De Servicios,Interconexion,Av Universidad No.1093-301,Del Valle Centro,Benito Juárez,3100.0,Agencia Integradora De Servicios,
1620,Agencia Integradora De Servicios,Onex,Montecito 38,Nápoles,Benito Juárez,3810.0,Agencia Integradora De Servicios,
1621,Agencia Integradora De Servicios,Outlet Cabalia,Xilitla 25,Arenal tercera sección,Venustiano Carranza,15660.0,Agencia Integradora De Servicios,
1622,Agencia Integradora De Servicios,Travel On,Montecito 38 Col Napoles C.P. 3810,Nápoles,Benito Juárez,3810.0,Agencia Integradora De Servicios,
1623,Agencia Integradora De Servicios,Meetings Avanti,Rio Tiber 100 Piso 3 Of 301,Cuauhtémoc,Cuauhtémoc,6500.0,Agencia Integradora De Servicios,
1624,Agencia Integradora De Servicios,"Logistica Organizacional para la Integración de Eventos, S.A. de C.V.",Avenida Thiers No. 251,Nueva Anzurez,Miguel Hidalgo,11590.0,Agencia Integradora De Servicios,
1625,Agencia Integradora De Servicios,Travel Wise Group,Rio Rhin 31,Cuauhtémoc,Cuauhtémoc,6500.0,Agencia Integradora De Servicios,
1626,Parques temáticos,Parque Ecológico de Xochimilco,Periférico Oriente  1,Barrio Belén,Xochimilco,16070.0,,
1627,Parques temáticos,Kidzania Santa Fe,Avenida Vasco de Quiroga 3800 local 1 planta baja,Santa Fe,Álvaro Obregón,1210.0,,
1628,Spas,Hotel Fiesta Americana Grand Chapultepec,Calzada General Mariano Escobedo 756,Anzures,Miguel Hidalgo,11590.0,Spa,
1629,Spas,Holiday Inn México Dalí Aeropuerto,Viaducto Río de la Piedad 260,Pueblo de la Magdalena Mixihuca,Venustiano Carranza,15860.0,Spa,
1630,Spas,Hotel Royal Pedregal,Avenida Periférico Sur 4363,Jardines en la Montaña,Tlalpan,14210.0,Spa,
1631,Spas,Radisson Paraíso Hotel México D. F.,Cúspide 53,Parque del Pedregal,Tlalpan,14010.0,Spa,
1632,Spas,Hotel Royal Zona Rosa,Amberes 78,Juárez,Cuauhtémoc,6600.0,Spa,
1633,Spas,Hotel Camino Real Aeropuerto,Puerto México 80,Peñón de los Baños,Venustiano Carranza,15520.0,Spa,
1634,Spas,Hotel Holiday Inn Trade Center,Avenida Revolución 583,San Pedro de los Pinos,Benito Juárez,3800.0,Spa,
1635,Spas,Hotel W México City,Campos Elíseos 252,Polanco V sección,Miguel Hidalgo,11560.0,Spa,
1636,Spas,W Spa,Prolongación Bosques de Reforma 1813 local 132 planta baja,Lomas de Vista Hermosa,Cuajimalpa de Morelos,5100.0,Spa,
1637,Spas,Crowne Plaza Hotel de México,Dakota 95,Nápoles,Benito Juárez,3810.0,Spa,
1638,Spas,The St. Regis México City,Avenida Paseo de la Reforma 439,Cuauhtémoc,Cuauhtémoc,6500.0,Spa,
1639,Tour Operador,México Magic,Tehuantepec  245 interior 402,Roma Sur,Cuauhtémoc,6760.0,Tour Operador,
1640,Tour Operador,Prim,Calle Cacahuamilpa 23,Hipódromo,Cuauhtémoc,6100.0,Tour Operador,
1641,Tour Operador,Decan´s Travel,Gerentes 26 A,San José Aculco,Iztapalapa,9410.0,Tour Operador,
1642,Tour Operador,Universal Operadora de Viajes,Betabel 7,Los Ángeles Apanoaya,Iztapalapa,9830.0,Tour Operador,
1643,Tour Operador,Viajes Mars Tour Operadora,Periférico Sur Unidad Habitacional Dr. Ignacio Chávez,Rinconada Coapa,Tlalpan,14330.0,Tour Operador,
1644,Tour Operador,Cóndor Verde Travel México,Avenida Universidad 989 interior 202 y 203,Del Valle Centro,Benito Juárez,3100.0,Tour Operador,
1645,Tour Operador,Viajes Tour For All,"Insurgentes Sur 688, plata baja local 1",Del valle Centro,Benito Juárez,3100.0,Tour Operador,
1646,Tour Operador,Travelexp,Insurgentes Sur  3656 interior 206,Peña Pobre,Tlalpan,14060.0,Tour Operador,
1647,Tour Operador,Grupo Crucero,Adolfo Thiers 148,Anzures,Miguel Hidalgo,11590.0,Tour Operador,
1648,Tour Operador,Creative Travel,Paseo de la Reforma 382 despacho 302,Juárez,Cuauhtémoc,6600.0,Tour Operador,
1649,Tour Operador,Ingenia Viajes,Avenida Insurgentes Sur 619 despacho 502,Nápoles,Benito Juárez,3810.0,Tour Operador,
1650,Tour Operador,Ecotura,Avenida la Noria 21 interior 1,Paseos del Sur,Xochimilco,16010.0,Tour Operador,
1651,Tour Operador,K'iin Bialy Tours,Eugenia 13 interior 303,Nápoles,Benito Juárez,3810.0,Tour Operador,
1652,Tour Operador,Kinich Coyol Viajes,Av. Chapultepec 536 2-A Col Roma Norte C.P. 6700,Roma Norte,Cuauhtémoc,6700.0,Tour Operador,
1653,Tour Operador,Grupo Meca,"Goethe, No. 132, PB y 1P",Anzures,Miguel Hidalgo,11590.0,Tour Operador,
1654,Tour Operador,Juliá Travel,Río Tiber No.86,Cuauhtémoc,Cuauhtémoc,6500.0,Tour Operador,
1655,Tour Operador,WH Adventure,Campo Verde No.128,San Antonio,Azcapotzalco,2720.0,Tour Operador,
1656,Tour Operador,Booking Destination Mexico,"Av. Primero de Mayo, No.23",Tacubaya,Miguel Hidalgo,11870.0,Tour Operador,
1657,Tour Operador,Sendetur,Av. Eje Central No.4907,Central de Autobuses del Norte,Gustavo A. Madero,7380.0,Tour Operador,
1658,Tour Operador,Seven Tours,"Nogal, No. 80",Santa María la Rivera,Cuauhtémoc,6400.0,Tour Operador,
1659,Tour Operador,Ketzaltour,Matias Romero 425,Del Valle Centro,Benito Juárez,3100.0,Tour Operador,
1660,Tour Operador,Sendetur,Avenida Insurgentes Centro No. 137,San Rafael,Cuauhtémoc,6470.0,Tour Operador,
1661,Tour Operador,Nuestro Mundo Tour,Balderas 44 Interior 406,Centro,Cuauhtémoc,6050.0,Tour Operador,
1662,Transportadora turística,"Auto Transportes I. Mex. T., S.A. de C.V.",Prolongación Guadalupe I. Ramírez 31 Bis,San Lucas,Xochimilco,16300.0,Transportadora turística,
1663,Transportadora turística,E-Travel Adventures,Paseo De Los Granados No. 76 Of. 301,Paseos de Taxqueña,Coyoacán,1020.0,Transportadora turística,
1664,Transportadora turística,México Discovery,Butacaris 46 Int. 3,El Caracol,Coyoacán,4739.0,Transportadora turística,
1665,Transportadora turística,Aeroméxico,"Paseo De La Reforma, No.445",Cuauhtémoc,Cuauhtémoc,6500.0,Transportadora turística,
1666,Transportadora turística,"Potro Viajes, S.A. de C.V.",Av. Insurgentes Sur No.1235,Extremadura Insurgentes,Benito Juárez,3740.0,Transportadora turística,
1667,Transportadora turística,American Airlines,Avenida Paseo De La Reforma 300 Piso 2,Juárez,Cuauhtémoc,6600.0,Transportadora turística,
1668,Transportadora turística,Transportadora Turística Noguez,José Urbano Fonseca 356,Capultitlan,Gustavo A. Madero,7370.0,Transportadora turística,
1669,Transportadora turística,"Grupo Yatre, S.A. DE C.V.",Fuente De Los Molinos No. 157-402,Ricón del Pedregal,Tlalpan,14120.0,Transportadora turística,
1670,Transportadora turística,Transportadora Turística Lopresti,"Rio Danubio, No.112-L1",Cuauhtémoc,Cuauhtémoc,6500.0,Transportadora turística,
1671,Transportadora turística,Transporte Universitario,Avenida Revolucion 2014 Int 4D,Barrio de la Otra Banda,Coyoacán,4519.0,Transportadora turística,
1672,Transportadora turística,United Airlines Inc,"Paseo De La Reforma, No.250",Juárez,Cuauhtémoc,6600.0,Transportadora turística,
1673,Transportadora turística,TyT México,Plaza Grijalva 3,Cuauhtémoc,Cuauhtémoc,6500.0,Transportadora turística,
1674,Transportadora turística,Autotur,Calle Artilleros,10 de Mayo,Venustiano Carranza,15290.0,Transportadora turística,
1675,Transportadora turística,Liderazgo en Movimiento S.A. de C.V.,"Retorno 15 De Galindo Y Villa, No. 56 A",Jardín Balbuena,Venustiano Carranza,15900.0,Transportadora turística,
1676,Transportadora turística,ADA,Calzada De Tlalpan 2205,Ciudad Jardín,Coyoacán,4370.0,Transportadora turística,
1677,Transportadora turística,Transportadora Quo Vadis,"Copérnico, No. 35",Anzures,Miguel Hidalgo,11590.0,Transportadora turística,
1678,Transportadora turística,Qualiti Tour,"Avenida Leandro Valle, No.56",San Lorenzo Acopilco,Cuajimalpa de Morelos,5410.0,Transportadora turística,
1679,Transportadora turística,All Nippon Airways,Av. Paseo De La Reforma No.250,Juárez,Cuauhtémoc,6600.0,Transportadora turística,
1680,Transportadora turística,Servicio Turístico Limón,Guillermo Prieto No.72,Santa Maria Aztahuacan,Iztapalapa,9500.0,Transportadora turística,
1681,Transportadora turística,Waldos Tours S.A de C.V.,Av. Insurgentes Norte No.783,San Simon Tolnahuac,Cuauhtémoc,6920.0,Transportadora turística,
1682,Transportadora turística,British Airways PLC,"Ejército Nacional, No.436, Piso 9",Polanco V Sección,Miguel Hidalgo,11560.0,Transportadora turística,
1683,Transportadora turística,Bolom Tiku Travel,Peniques No. 111,Aquiles Serdan,Venustiano Carranza,15430.0,Transportadora turística,
1684,Transportadora turística,Golden Crown,Once 148,Espartaco,Coyoacán,4870.0,Transportadora turística,
1685,Turismo alternativo,Lago y Tierra,"Aguiar y Seijas, No.95",Lomas de Chapultepec V Sección,Miguel Hidalgo,11000.0,Operadora,
1686,Turismo alternativo,Experiencia Arqueológica,Rio Elba numero 10 Inteirior 402,Cuauhtémoc,Cuauhtémoc,6500.0,Operadora,
1687,Turismo alternativo,Museo Vivo,Avenida Tláhuac s/n y Juan Palomo,Barro de los Reyes,Tláhuac,13080.0,Operadora,
1688,Turismo alternativo,Mairesa extremo,callejón Plaza Romita 318 Int. 7,Roma Norte,Cuauhtémoc,6700.0,Operadora,
1689,Turismo alternativo,Tlanezi Ollin,Periferico Sur,La Asunción,Xochimilco,16000.0,Operadora,
1690,Turismo alternativo,Centro Ecoturístico Papaloxochitl,Clavel 15,Barrio San Lorenzo,Xochimilco,16040.0,Operadora,
1691,Turismo alternativo,Pachamama,Calle General Antonio de León 45 interior 102,San Miguel Chapultepec,Miguel Hidalgo,11850.0,Operadora,
1692,Turismo alternativo,Temazcal Omexochitl,Morelos 8,Oztotepec,Milpa Alta,12400.0,Operadora,
1693,Agencia de viajes,Viajes Alimay,Río Nilo 54 planta baja,Cuauhtémoc,Cuauhtémoc,6500.0,Minorista,
1694,Agencia de viajes,Viajes Surik,Eje Central Lázaro Cárdenas 13 despacho 903,Centro (Área 5),Cuauhtémoc,6050.0,Minorista,
1695,Agencia de viajes,Viajes Fama,Rio Panuco 92,,Cuauhtémoc,6500.0,,
1696,Agencia de viajes,Inturista Mayorísta de Viajes,"Londres, No.251 Int.2",Juárez,Cuauhtémoc,6600.0,Mayorista,
1697,Agencia de viajes,Viajes Premier,Arkansas 11 Piso 5 Y 6,Napoles,Benito Juárez,3810.0,,
1698,Agencia de viajes,Agencia Turística TURISSSTE San Fernando,Avenida San Fernando # 547 P.B,Toriello Guerrera,Tlalpan,14070.0,,
1699,Agencia de viajes,Central de Cruceros de México,Lafayette 64,Anzures,Miguel Hidalgo,11590.0,Mayorista,
1700,Agencia de viajes,Milen Tour,Tlaxcala 165 despacho 106,Hipódromo Condesa,Cuauhtémoc,6170.0,Minorista,
1701,Agencia de viajes,Viajes Hidal Mex,Andalucía 10  1,Álamos,Benito Juárez,3400.0,Minorista,
1702,Agencia de viajes,U.S.T. Viajes,Río Parral 71,Paseos de Churubusco,Iztapalapa,9030.0,Mayorista,
1703,Agencia de viajes,Viajes Palma,Av. Insurgentes Sur No.598,Del Vale,Benito Juárez,3100.0,,
1704,Agencia de viajes,Dream Destination México,Magdalena 49,Del Valle Centro,Benito Juárez,3100.0,Mayorista,
1705,Agencia de viajes,M.H. Internacional,Magdalena 507,Del Valle Centro,Benito Juárez,3100.0,Mayorista,
1706,Agencia de viajes,Viajes con más ofertas,"Av. Eje central, Lazaro Cardenas n°2 piso 25",Centro,Cuauhtémoc,6000.0,Minorista,
1707,Agencia de viajes,Turismo Gran Mundo,"San Francisco, No.356",Del Valle,Benito Juárez,3100.0,,
1708,Agencia de viajes,MGC Servicios Turísticos,Cerrada de Pachuca Numero 12,Condesa,Cuauhtémoc,6140.0,,
1709,Agencia de viajes,Viajes Bertasio SA,Av. Tamaulipas No. 155,Condesa,Cuauhtémoc,6170.0,,
1710,Agencia de viajes,Travel Mar,Cozumel 61 departamento  5,Roma Norte,Cuauhtémoc,6700.0,Minorista,
1711,Agencia de viajes,Viajes Prestigio,San Borja 913,Del Valle Centro,Benito Juárez,3100.0,Minorista,
1712,Agencia de viajes,Paola Tours,Avenida Universidad 535 D,Narvarte Poniente,Benito Juárez,3020.0,Minorista,
1713,Agencia de viajes,Taino Tours,Avenida Coyoacán 1035,Del Valle Centro,Benito Juárez,3100.0,Mayorista,
1714,Agencia de viajes,Viajes Halcón,Avenida Montevideo 186,Lindavista,Gustavo A. Madero,7300.0,Minorista,
1715,Agencia de viajes,Koreana Viajes,"Florencia 39, No.402",Juárez,Cuauhtémoc,6600.0,,
1716,Agencia de viajes,Turismo Exmar,Monte Pelvoux No.111,Lomas de Chapultepec,Miguel Hidalgo,11000.0,,
1717,Agencia de viajes,Viajes Ibiza Club,Río Nilo 88 despacho 101,Cuauhtémoc,Cuauhtémoc,6500.0,Minorista,
1718,Agencia de viajes,Protur Online,Av. Insurgentes sur No. 295 B,Condesa,Cuauhtémoc,6140.0,Mayorista,
1719,Agencia de viajes,Viajes Gengis Khan,"Av. Insurgentes Sur, No.386, Despacho 4",Roma Sur,Cuauhtémoc,6760.0,,
1720,Agencia de viajes,Mex Inca Viajes,Albéniz No. 32,Peralvillo,Cuauhtémoc,6220.0,,
1721,Agencia de viajes,Miles Viajes,"Calle Minnesota, No.3",Napoles,Benito Juárez,3810.0,,
1722,Agencia de viajes,Go Mexico Groups & Incentives,Avenida Insurgentes Sur 1377 planta baja,Insurgentes Mixcoac,Benito Juárez,3920.0,Mayorista,
1723,Agencia de viajes,Grupo Bargain Tours,Avenida Ejército Nacional 505 piso 14,Granada,Miguel Hidalgo,11520.0,Mayorista,
1724,Agencia de viajes,Viajes Turísticos Arco Iris,"Insurgentes Sur, No.605-1101",Napóles,Benito Juárez,3810.0,,
1725,Agencia de viajes,Agencia de Viajes Turismo Nápoles,Monterrey 219 interior 1,Roma Norte,Cuauhtémoc,6700.0,Minorista,
1726,Agencia de viajes,Turismo Charabati,Paseo de las Palmas 735 interior 1206,Lomas de Chapultepec,Miguel Hidalgo,11000.0,Minorista,
1727,Agencia de viajes,México Magic,Tehuantepec  245 interior 402,Roma Sur,Cuauhtémoc,6760.0,,
1728,Agencia de viajes,Viajes Acav Internacional,Bajío 14,Roma Sur,Cuauhtémoc,6760.0,,
1729,Agencia de viajes,Viajes Superación,Leibnitz No. 1- PB,Nueva Anzures,Miguel Hidalgo,11590.0,,
1730,Agencia de viajes,Viajes Helvetia,Calle 15  53,San Pedro de los Pinos,Benito Juárez,3800.0,Mayorista,
1731,Agencia de viajes,Viajes Olin,"Av. Dr Vertiz 748, 5to piso, oficina 16",Narvarte Poniente,Benito Juárez,3020.0,Mayorista,
1732,Agencia de viajes,Viajes Dover,Calle San Francisco No. 406,Del Vallle,Benito Juárez,3100.0,,
1733,Agencia de viajes,Philliphs Turismo Internacional,Avenida Coyoacán 1878 despacho 606,Del Valle Centro,Benito Juárez,3100.0,Minorista,
1734,Agencia de viajes,Mexitours,Marte 95  2,Guerrero,Cuauhtémoc,6300.0,,
1735,Agencia de viajes,Paraíso en la Tierra,"Avenida Homero No. 136, Despacho 203",Chapultepec Morales,Miguel Hidalgo,11570.0,,
1736,Agencia de viajes,Turismo Omicron,Calz. De las Bombas 756-13,Cafetales,Coyoacán,4918.0,,
1737,Agencia de viajes,Viaje a las Estrellas,Jaime Balmes 11 115,Polanco Chapultepec,Miguel Hidalgo,11560.0,Minorista,
1738,Agencia de viajes,Le Blanc Tours,Seneca 116 A,Palmas Polanco,Miguel Hidalgo,11560.0,,
1739,Agencia de viajes,Estampas Turísticas,Av. Ejercito Nacional 1162,Los Morales,Miguel Hidalgo,11510.0,,
1740,Agencia de viajes,Viajes Liabeny,"Lafragua No. 7,  P.B.",Tabacalera,Cuauhtémoc,6030.0,Minorista,
1741,Agencia de viajes,Romfel Travel Service,Ejército Nacional 436 primer piso,Polanco Chapultepec,Miguel Hidalgo,11560.0,Minorista,
1742,Agencia de viajes,Grupo Valodi,Natal 679,Lindavista Sur,Gustavo A. Madero,7300.0,Minorista,
1743,Agencia de viajes,D'Barrera Tours,Prolongación División del Norte 4249,Prado Coapa,Tlalpan,14350.0,Mayorista,
1744,Agencia de viajes,Viajes ServiTour,Velázquez de León 126 A,San Rafael,Cuauhtémoc,6470.0,Minorista,
1745,Agencia de viajes,Sendetur,Av. Taxqueña No. 1320,Cental de autobuses del sur,Coyoacán,4410.0,,
1746,Agencia de viajes,Turismo del Pedregal,Av. Universidad No.2079,Copilco,Coyoacán,4360.0,,
1747,Agencia de viajes,Viajes Ximal,Arabella No. 190,Miguel Hidalgo,Tláhuac,13200.0,,
1748,Agencia de viajes,Hivisa Viajes,Avenida Paseo de la Reforma #505,Cuauhtémoc,Cuauhtémoc,6500.0,Mayorista,
1749,Agencia de viajes,Plaza Maratones,Río Pánuco 155,Cuauhtémoc,Cuauhtémoc,6500.0,Minorista,
1750,Agencia de viajes,Cruceros Mundiales,Calzada General Mariano Escobedo 353 A interior 201,Chapultepec Morales,Miguel Hidalgo,11570.0,Mayorista,
1751,Agencia de viajes,Viajes Palacio Centro,Av. 20 de Noviembre No. 3,Centro,Cuauhtémoc,6060.0,,
1752,Agencia de viajes,Viajes chanel,Palma 34 esquina 16 de Septiembre piso 1 local 6,Centro (Área 1),Cuauhtémoc,6000.0,Minorista,
1753,Agencia de viajes,Encuentro T,Bruno Traven 166 interior 702,General Anaya,Benito Juárez,3340.0,Mayorista,
1754,Agencia de viajes,Link Overseas Travel,Goethe No.72,Anzures,Miguel Hidalgo,11590.0,Mayorista,
1755,Agencia de viajes,Viajes Marlusa,Calzada Ignacio Zaragoza 88 planta baja,Moctezuma 1a Sección,Venustiano Carranza,15500.0,Minorista,
1756,Agencia de viajes,Viajes Turísticos Larre,Av. de Las Fuentes No.550,Jardines del Pedregal,Álvaro Obregón,1900.0,,
1757,Agencia de viajes,A. G. Tour Operator,"Bulevard. Adolfo Ruiz Cortines 3453, Torre B Piso 5, Despacho 502 bis",San Jerónimo Lidice,La Magdalena Contreras,10200.0,Mayorista,
1758,Agencia de viajes,Antártida Viajes,Basilio Pérez  29 A,Constitución de la República,Gustavo A. Madero,7469.0,Minorista,
1759,Agencia de viajes,Turismo Misión,AguascalientesS 116,Roma Sur,Cuauhtémoc,6760.0,,
1760,Agencia de viajes,Viajes Intermex American Express,Av. Vasco de Quiroga No. 3800 Local 406,Santa fe,Cuajimalpa de Morelos,5109.0,,
1761,Agencia de viajes,Detouroper,Calle 9 interior 113,San  Pedro de los Pinos,Benito Juárez,3800.0,Mayorista,
1762,Agencia de viajes,Xochimilco Mágico,Clavel 15,Barrio San Lorenzo,Xochimilco,16040.0,,
1763,Agencia de viajes,Rebozo,Avenida Universidad 1953 edificio 11 departamento  203,Copilco Universidad,Coyoacán,4340.0,,
1764,Agencia de viajes,Consultores en Viajes Internacionales CVI,"Mazatlan #5, letra U, despacho 3",Condesa,Cuauhtémoc,6140.0,Mayorista,
1765,Agencia de viajes,Cultur,Linares 76,Roma Sur,Cuauhtémoc,6760.0,Minorista,
1766,Agencia de viajes,Juliátours,Rio Tiber No. 86,Cuauhtémoc,Cuauhtémoc,6500.0,,
1767,Agencia de viajes,Viajes El Corte Inglés,Hamburgo 213-8,Juarez,Cuauhtémoc,6600.0,,
1768,Agencia de viajes,Viajes Fiorda,José Apolinar Nieto 29,Bosques de Tetlameya,Tlalpan,4730.0,Minorista,
1769,Agencia de viajes,Valley Tours,Playa Hornos  n° 559,Militar Marte,Benito Juárez,3830.0,Mayorista,
1770,Agencia de viajes,Grupo Divisa,Ángel Albino Corzo 4612 interior 305 A,Gertrudis Sánchez 2a. Sección,Gustavo A. Madero,7839.0,Mayorista,
1771,Agencia de viajes,Net Travel,"Av. Baja California 177, despacho 201",Roma Sur,Cuauhtémoc,6700.0,Minorista,
1772,Agencia de viajes,Etnia,Jalapa 92 planta baja,Roma,Cuauhtémoc,6700.0,Mayorista,
1773,Agencia de viajes,Global Trip México,Av. Insurgentes Sur 577,Nápoles,Benito Juárez,3810.0,,
1774,Agencia de viajes,Xiinbal agencia de viajes,Lago Amatitlán No. 18,Torre Blanca,Miguel Hidalgo,11280.0,Minorista,
1775,Agencia de viajes,Julio Tour,Avenida Niños Héroes de Chapultepec 100,Niños Héroes,Benito Juárez,3440.0,Minorista,
1776,Agencia de viajes,Aswan Tours,Juan Tinoco #9,Merced Gómez,Álvaro Obregón,1600.0,Mayorista,
1777,Agencia de viajes,Creative Travel,Paseo de la Reforma 382 despacho 302,Juárez,Cuauhtémoc,6600.0,,
1778,Agencia de viajes,Ingenia Viajes,Avenida Insurgentes Sur 619 despacho 502,Nápoles,Benito Juárez,3810.0,,
1779,Agencia de viajes,Grupo Travel Coapa,Prolongación División del Norte 4901 Loc.10,San Lorenzo,Xochimilco,16010.0,,
1780,Agencia de viajes,T&T Travel,Calz. Gral. Mariano Escobedo 550,Anzures,Miguel Hidalgo,11590.0,,
1781,Agencia de viajes,Vakaciona,Rousseau 14 Desp. 802,Anzures,Miguel Hidalgo,11590.0,,
1782,Agencia de viajes,Viajes IberoAmerica,Av. Paseo de la Reforma No.403,Paseo de la Reforma,Cuauhtémoc,6500.0,,
1783,Agencia de viajes,Mayan Tours,Av. Extremadura 42,Extremadura Insurgentes,Benito Juárez,3920.0,,
1784,Agencia de viajes,Travel Viajes Group,Amsterdam 212 Piso 3,Hipodromo,Cuauhtémoc,6170.0,,
1785,Agencia de viajes,Tutti In Viaggio Hoteles y Servicios,Av. Baja California 284,Hipodromo,Cuauhtémoc,6170.0,,
1786,Agencia de viajes,Avisa Tours,Avenida Insurgentes Sur 4411 edificio 30 departamento 4,Tlalcoligia,Tlalpan,14430.0,Minorista,
1787,Agencia de viajes,Brickell Travel,Bahia de las Palmas No. 33,Anzures,Miguel Hidalgo,11300.0,,
1788,Agencia de viajes,Amo Viajar,Miravalle Mz. 33 Lt. 3,Ampliación Tepepan,Xochimilco,16029.0,,
1789,Agencia de viajes,K'iin Bialy Tours,Eugenia 13 interior 303,Nápoles,Benito Juárez,3810.0,,
1790,Agencia de viajes,Happy Tours Mexico,Yacatas No. 80,Narvate,Benito Juárez,3020.0,,
1791,Agencia de viajes,Zafiro Tours,"Gabriel Mancera, No.1045",Del Valle,Benito Juárez,3100.0,,
1792,Agencia de viajes,Life Style,Av. Álvaro Obregón No. 151-1103,Roma Norte,Cuauhtémoc,6700.0,,
1793,Agencia de viajes,Easy Tour México,Nuevo León No. 213,Hipodromo,Cuauhtémoc,6100.0,Minorista,
1794,Agencia de viajes,Monex Travel,Paseo de la Reforma No. 284,Juárez,Cuauhtémoc,6600.0,,
1795,Agencia de viajes,Majestic Travel,Versalles No. 35 Int. 601,Juárez,Cuauhtémoc,6700.0,,
1796,Agencia de viajes,Magnicharters,Donato Gueera No. 9,Juárez,Cuauhtémoc,6600.0,,
1797,Agencia de viajes,Viajes México Aljem,Lago Caneguín No.22,Argentina,Miguel Hidalgo,11270.0,Minorista,
1798,Agencia de viajes,Rhoset Agencia de Viajes,Bahía de las Palmas No. 56,Veronica Anzures,Miguel Hidalgo,11300.0,,
1799,Agencia de viajes,Viajes Leyou S.A. de C.V.,Dr. Mariano Azuela No.198 PB.,Santa María la Ribera,Cuauhtémoc,6400.0,,
1800,Agencia de viajes,"La Esperanza Consultores en Recreación, Cultura y Educación Ambiental, S.C.",Av. Hidalgo 258,Carmen,Coyoacán,4100.0,Minorista,
1801,Agencia de viajes,DP Travel Point,Manuel Ávila Camacho No.32 Piso 6,Lomas de Chapultepec,Miguel Hidalgo,11000.0,,
1802,Agencia de viajes,Enso Go,Leibnitz No. 117,Anzures,Miguel Hidalgo,11590.0,,
1803,Agencia de viajes,Travelers Inc.,Gustavo E. Campa No. 121,Guadalupe Inn,Álvaro Obregón,1020.0,Minorista,
1804,Agencia de viajes,Travel´s Marsel de México,Cerrada Juan Mendoza No. 58,Reforma Politica,Iztapalapa,9730.0,Minorista,
1805,Agencia de viajes,Tu Nuevo Horizonte,Av. Ermita Iztapalapa No.3417,Xalpa,Iztapalapa,6940.0,,
1806,Agencia de viajes,Blue Bay Club Vacacional S.A. de C.V.,"Tlacotalpan No. 6 Bis, Desp. 102.",Roma Sur,Cuauhtémoc,6760.0,,
1807,Agencia de viajes,Travel Egipto,Ferrocarril Hidalgo 336,Santiago Atzacoalco,Gustavo A. Madero,7040.0,Minorista,
1808,Agencia de viajes,Yunnisis Travelers and Tours,Av. Canal de Tezontle No.2645,Leyes de reforma,Iztapalapa,9310.0,,
1809,Agencia de viajes,Magic Trips México,Yobain No.295,Heroes de Padierna,Tlalpan,14240.0,,
1810,Agencia de viajes,Gyc Mundomex,Ciceron 737 No.M1,Chapultepec Morales,Miguel Hidalgo,11570.0,,
1811,Agencia de viajes,Viajes Brasmar,Enrique Rebsamen No. 1117 Bis - 303,Del Valle,Benito Juárez,3100.0,,
1812,Agencia de viajes,Kin Travel,Montecito No. 38,Nápoles,Benito Juárez,3810.0,,
1813,Agencia de viajes,Ideas Operadora Mayorista,"General José Morán, No.56",San Miguel Chapultepec,Miguel Hidalgo,11850.0,,
1814,Agencia de viajes,Descubriendo México,"José Martí, No.170",Escandón,Miguel Hidalgo,11800.0,,
1815,Agencia de viajes,Rastravel,Coahuila No. 223,Roma norte,Cuauhtémoc,6700.0,,
1816,Agencia de viajes,Zafiro Tours - Ana de Haro Travel,Avenida Universidad No.1391-303,Axotla,Álvaro Obregón,1030.0,,
1817,Agencia de viajes,Viajes El Corte Inglés,Avenida Vasco de Quiroga No. 3800,Santa Fe,Cuajimalpa de Morelos,5109.0,,
1818,Agencia de viajes,Coaching Viajes,Monterrey No. 295-C,Roma Sur,Cuauhtémoc,6760.0,,
1819,Agencia de viajes,Grupo Táctica Asesores Turísticos,Retorno 2 de Nicolás León No. 48 D,Jardin Balbuena,Venustiano Carranza,15900.0,,
1820,Agencia de viajes,Tren Barrancas del Cobre,Hegel No. 153 Int.306,Polanco,Miguel Hidalgo,11560.0,,
1821,Agencia de viajes,Todo Destino,Av. Melchor Ocampo No. 454,Cuauhtémoc,Cuauhtémoc,6500.0,,
1822,Agencia de viajes,International Green Travel,Av. Insurgentes Sur No.428,Roma sur,Cuauhtémoc,6760.0,,
1823,Agencia de viajes,Outrips Tourism and Leisure,Av. Patriotismo No.201 Piso.4 Of.454,San Pedro de los Pinos,Benito Juárez,3800.0,,
1824,Agencia de viajes,Aquila Travels,San Juan Tlihuaca No.19,San Juan Tlihuaca,Azcapotzalco,2400.0,,
1825,Agencia de viajes,Cero Catorce Publicidad Sapi,Eucken #8 Int. 201,Nueva Anzures,Miguel Hidalgo,11590.0,,
1826,Agencia de viajes,BIN es viajar,Av Universidad 716 - 5,Letran Valle,Benito Juárez,3650.0,,
1827,Agencia de viajes,Caracol Travel México,Arquimedes No. 130 Piso 5,Polanco Chapultepec,Miguel Hidalgo,11560.0,,
1828,Agencia de viajes,Artmex Viajes,Dr. José María Vertiz 929,Narvarte Poniente,Benito Juárez,3020.0,,
1829,Agencia de viajes,Viajes Manterra,Camino a Santa Teresa No 13 Local 26,Héroes de Padierna,Tlalpan,14200.0,,
1830,Agencia de viajes,Bespoke Travel Consultants,Palacio de Versalles No.235 Anexo,Lomas de Chapultepec,Miguel Hidalgo,11000.0,,
1831,Agencia de viajes,Travel Store México,Av. San Rafael Atlixco mz.10 lt.9,El Rodeo,Iztacalco,8510.0,,
1832,Agencia de viajes,Travelpidia,Bosque de Duraznos No.127,Bosques de las Lomas,Miguel Hidalgo,11700.0,,
1833,Agencia de viajes,TuryViajes,Lucerna No.62 Desp.403-B,Juárez,Cuauhtémoc,6600.0,,
1834,Agencia de viajes,Tripme MX,"Av. Coyoacan, No. 1878",Valle Centro,Benito Juárez,3100.0,,
1835,Agencia de viajes,Deus Travel,"Filipinas, No.205-A 101",Portales,Benito Juárez,3300.0,,
1836,Agencia de viajes,Viatravel,Ahuehuetes No. 143,Pasteros,Azcapotzalco,2150.0,,
1837,Agencia de viajes,Zafiro Tours Coapa,Av. La Teja Edif. 8D  Depto. 107,Villa Coapa,Tlalpan,14390.0,,
1838,Agencia de viajes,Vintaltur,Bajio No.369-502,Hipodromo Condesa,Cuauhtémoc,6170.0,,
1839,Agencia de viajes,Viajes Terrum,Insurgentes Sur 1799-902,Guadalupe Inn,Álvaro Obregón,1020.0,,
1840,Agencia de viajes,Viajes y Excursiones Cazares,Calz.de la Viga 1046,Benito Juárez,Iztacalco,8930.0,,
1841,Agencia de viajes,Viajes Canah (en algún lugar),"Horticultura, No.329",20 de Noviembre,Venustiano Carranza,15309.0,,
1842,Agencia de viajes,Tu Proximo Viaje.com,"Avenida Tamaulipas No. 141, Piso 4",Condesa,Cuauhtémoc,6140.0,,
1843,Agencia de viajes,Live Tours,"Manzanillo, No. 15, Int. 105",Roma,Cuauhtémoc,6700.0,,
1844,Agencia de viajes,Oitsa,Insurgentes Sur No. 1548 2o Piso,Credito Constructor,Benito Juárez,3940.0,,
1845,Agencia de viajes,Coco Mextravel,"Baja California, No.278 Int.503",Hipódromo,Cuauhtémoc,6100.0,,
1846,Agencia de viajes,Dooddo,"Rio Nazas No. 171, L1",Cuauhtémoc,Cuauhtémoc,6500.0,,
1847,Agencia de viajes,AG Tours,Periferico Sur No. 3453 502 Bis,San Jeronimo Lidice,La Magdalena Contreras,10200.0,,
1848,Agencia de viajes,A.G. Tours,Boulevard Adolfo Ruiz Cortinez N.3453 - 502 Bis,San Jeronimo Lidice,La Magdalena Contreras,10200.0,,
1849,Agencia de viajes,TURISSSTE Reforma,Boulevard Adolfo Lopez Mateos 2157 Planta Baja,Los Alpes,Álvaro Obregón,1010.0,,
1850,Agencia de viajes,Viajes Cooperativa,Bahia De Santa Barbara 10,Veronica Anzures,Miguel Hidalgo,11300.0,,
1851,Agencia de viajes,Alasana Viajes,"Ignacio Vallarta #1, 4to Piso, Oficina 09",Tabacalera,Cuauhtémoc,6030.0,,
1852,Agencia de viajes,Travel Mar,"Cozumel, No.61, Int.05",Roma Norte,Cuauhtémoc,6700.0,,
1853,Agencia de viajes,Andanza Agencia de Viajes,"Campo Nuevo Limón, No.160",Reynosa Tamaulipas,Azcapotzalco,2200.0,,
1854,Agencia de viajes,Agencia de Viajes Soluz,"Pitágoras, No.1271-A",Del Valle,Benito Juárez,3100.0,,
1855,Agencia de viajes,Servicio Integral en Grupos y Convenciones,"Av. Coyoacán, No.1211",Del Valle,Benito Juárez,3100.0,,
1856,Agencia de viajes,Hipertravel,Av. Santa Lucía 83,Sacramento,Álvaro Obregón,1420.0,,
1857,Agencia de viajes,Viajes Palacio Polanco,Molier No. 222,Los Morales Sección Palma,Miguel Hidalgo,11540.0,,
1858,Agencia de viajes,Viajes Palacio Legaria,Moliere No. 222,Los Morales Sección Palma,Miguel Hidalgo,11540.0,,
1859,Agencia de viajes,Viajes Palacio Ecommerce,Durango No. 230,Roma,Cuauhtémoc,6700.0,,
1860,Agencia de viajes,Viajes Palacio Durango,Durango No. 230,Roma,Cuauhtémoc,6700.0,,
1861,Agencia de viajes,Viajes Palacio Casa Palacio Antara,Av. Ejército Nacional No. 843 - B,Granada,Miguel Hidalgo,11520.0,,
1862,Agencia de viajes,Viajes Palacio Booth Delta,Av. Cuauhtémoc No. 462,Narvarte,Benito Juárez,3020.0,,
1863,Agencia de viajes,Consejeros Turísticos,Avenida Tlahuac 5295 Planta Alta Locales C 11 Y C 1 2,Los Olivos,Tláhuac,13210.0,,
1864,Agencia de viajes,Cathay Canada,"Empresa, No.146",Extremadura Insurgentes,Benito Juárez,3740.0,,
1865,Agencia de viajes,Victoria Sports & Travel,"Florencia, No.37-7",Juárez,Cuauhtémoc,6600.0,,
1866,Agencia de viajes,Viajes Intermex,Av. Mariano Escobedo No. 700 Local 5,Nueva Anzures,Miguel Hidalgo,11590.0,,
1867,Agencia de viajes,Viajes Intermex,Blvd. Manuel Avila Camacho No. 184-Pb,Reforma Social,Miguel Hidalgo,11650.0,,
1868,Agencia de viajes,Excel Tours - Albatros,av. Don Luis #90,Banjidal,Benito Juárez,3500.0,,
1869,Agencia de viajes,Viamar Operadora,"Newton, No. 186-101A",Chapultepec Morales,Miguel Hidalgo,11570.0,,
1870,Agencia de viajes,Travel One,"Bruselas, No.6-602",Juárez,Cuauhtémoc,6600.0,,
1871,Agencia de viajes,Iumira Travel,"Paseo de la Reforma, No,403",Cuauhtémoc,Cuauhtémoc,6500.0,,
1872,Agencia de viajes,Turismo del Prado,Av. Melchor Ocampo No.193,Veronica Anzures,Miguel Hidalgo,11300.0,,
1873,Agencia de viajes,Viajes Elite Plus,"Coruña, No.199",Viaducto Piedad,Iztacalco,8200.0,,
1874,Agencia de viajes,Comercializadora HGK,"Paseo de La Reforma, No.34",Juarez,Cuauhtémoc,6600.0,,
1875,Agencia de viajes,Viajes El Corte Inglés,Mariano Escobedo 425,Polanco,Miguel Hidalgo,11040.0,,
1876,Agencia de viajes,Viajes Gotoma,Heroes Del 47 # 59 Local 15,San Diego Churubusco,Coyoacán,4120.0,,
1877,Agencia de viajes,Viajes Norgil,"Retorno 8 De Fray Servando Teresa De Mier, No. 4 Local D",Jardín Balbuena,Venustiano Carranza,15900.0,,
1878,Agencia de viajes,Agencia de Viajes Monopolis,Av. Paseo De La Reforma No. 1,Tabacalera,Cuauhtémoc,6030.0,,
1879,Agencia de viajes,Asproviajes,Av. División Del Norte No. 2943 Loc. 21,El Rosedal,Coyoacán,4330.0,,
1880,Agencia de viajes,Tas Network,Av. Ejercito Nacional No.769,Ampliación Granada,Miguel Hidalgo,11520.0,,
1881,Agencia de viajes,Viajes Far Away,Av. Rio Soto La Marina No.65,Paseos de Churubusco,Iztapalapa,9030.0,,
1882,Agencia de viajes,Fiesta Tour México,Av. Rio Churubusco No. 303,General Pedro Maria Anaya,Benito Juárez,3340.0,,
1883,Agencia de viajes,Viajes El Corte Inglés,Colector 13 número 280,Magdalena De Las Salinas,Gustavo A. Madero,7760.0,,
1884,Agencia de viajes,Travelfan,"Jaime Balmes No. 11, Edif C Piso 10",Los Morales Polanco,Miguel Hidalgo,11510.0,,
1885,Agencia de viajes,"Villarela Tours, S,A de C.V","Horacio Nelson, No.122-A",Moderna,Benito Juárez,3510.0,,
1886,Agencia de viajes,Viajes Riazor,Av. 5 De Mayo No.45,Centro,Cuauhtémoc,6000.0,,
1887,Agencia de viajes,"Servicios Turísticos Aguilar Ugalde, S.A. de C.V.",Buenavista No. 13,Santa Rosa Xochiac,Álvaro Obregón,1830.0,,
1888,Agencia de viajes,SC Travel and Services,Juan De Dios Arias No.54,Vista Alegre,Cuauhtémoc,6860.0,,
1889,Agencia de viajes,Margo Tours,Médicos No.17-4,Sifon,Iztapalapa,9400.0,,
1890,Agencia de viajes,Viajes Aragón,"Avenida 412 ""A"" 331 Local 4",San Juan De Aragón,Gustavo A. Madero,7918.0,Minorista,
1891,Agencia de viajes,Multiviajes Crystal,Av. Jesús Del Monte No.16-A,Cuajimalpa,Cuajimalpa de Morelos,5000.0,,
1892,Agencia de viajes,Volando,San Lorenzo No.153307,Tlacoquemécatl,Benito Juárez,3200.0,,
1893,Agencia de viajes,Turismo Reynoso,Av. Canal Del Norte No. 121,Emilio Carranza,Venustiano Carranza,15230.0,,
1894,Agencia de viajes,"Travelia Consultores, S.A. de C.V.",Plaza Necaxa No. 6,Cuauhtémoc,Cuauhtémoc,6500.0,,
1895,Agencia de viajes,"Providencia Tours, S.A. de C.V.",Aztecas No.4 L-6,Central De Abasto,Iztapalapa,9040.0,,
1896,Agencia de viajes,Pit and Travel,Florencia 65 - D,Juárez,Cuauhtémoc,6600.0,,
1897,Agencia de viajes,"Asesoría en Viajes e Incentivos, S.A. de C.V.",Heriberto Frías No. 446,Piedad Narvarte,Benito Juárez,3000.0,,
1898,Agencia de viajes,Viajes Ibiza Club,Rio Nilo No.88,Cuauhtémoc,Cuauhtémoc,6500.0,,
1899,Agencia de viajes,"Hada Travel de México, S.A. de C.V.",Av. Paseo De La Reforma No.393,Cuauhtémoc,Cuauhtémoc,6500.0,,
1900,Agencia de viajes,Horus Tours & International Business,Zempoala No.30,Narvarte,Benito Juárez,3020.0,,
1901,Agencia de viajes,Viajes Acueducto CDMX,Avenida Ventisca 100,Solidaridad Nacional,Gustavo A. Madero,7268.0,Minorista,
1902,Agencia de viajes,Exmar Operadora,Monte Pelvoux No.111,Lomas De Chapultepec,Miguel Hidalgo,11000.0,,
1903,Agencia de viajes,OTTO Viajes,"Hera, No. 66 - A",Crédito Constructor,Benito Juárez,3940.0,,
1904,Agencia de viajes,Viajes Ejecutivos y Negocios,Calle Alcázar Del Almirante 2,Castillo Grande,Gustavo A. Madero,7220.0,Minorista,
1905,Agencia de viajes,Zafiro Tours,"Calle 7, No.214",Porvenir,Azcapotzalco,2940.0,,
1906,Agencia de viajes,Grupo OST,Avenida Cuauhtémoc No. 1281,Santa Cruz Atoyac,Benito Juárez,3310.0,,
1907,Agencia de viajes,Scout Travel Design,Aguascaliente 165 Desp 402,Hipodromo,Cuauhtémoc,6100.0,,
1908,Agencia de viajes,Vojago,"Avenida Ejercito Nacional, No.152",Anzures,Miguel Hidalgo,11590.0,,
1909,Agencia de viajes,Vigal Operadora,"Avenida Balderas, No.44",Centro,Cuauhtémoc,6050.0,,
1910,Agencia de viajes,Poot Travel,Alicia 33 1,Guadalupe Tepeyac,Gustavo A. Madero,7840.0,,
1911,Agencia de viajes,Experiencias Bamboo,Calle Paz Montes De Oca No.93,General Pedro Maria Anaya,Benito Juárez,3340.0,,
1912,Agencia de viajes,Ruta Paradise,"Av. Fco Del Paso Y Troncoso, No.286 Bis",Jardin Balbuena,Venustiano Carranza,15950.0,,
1913,Agencia de viajes,Multitour,"Insurgentes Sur, No.605",Napoles,Benito Juárez,3810.0,,
1914,Agencia de viajes,Strat Travel,Avenida Arenal No. 610-9,Tepepan,Xochimilco,16020.0,,
1915,Agencia de viajes,Mi Escape,"Av. Cuitlahuac, No.3651",Victoria De Las Democracias,Azcapotzalco,2810.0,,
1916,Agencia de viajes,Mi Escape,"Av. Revolución, No.574",San Pedro De Los Pinos,Benito Juárez,3800.0,,
1917,Agencia de viajes,Alternativa Turistica M.T.T.,"Av. Insurgentes Sur, No.3685",San Pedro Apostol,Tlalpan,14070.0,,
1918,Agencia de viajes,Turismo Dikonos,Avenida Othon De Mendizabal 343,Nueva Industrial Vallejo,Gustavo A. Madero,7700.0,Minorista,
1919,Agencia de viajes,"ARRIAGA VIAJES,S.A.",Hamburgo 330 Local B,Juarez,Cuauhtémoc,6600.0,,
1920,Agencia de viajes,Moon Travels,"Montecito, No.38 Piso 12",Napoles,Benito Juárez,3810.0,,
1921,Agencia de viajes,Viajes Bojorquez del Valle Sur,Eje Vial Eugenia No.813,Eugenia,Benito Juárez,3100.0,,
1922,Agencia de viajes,Viajes Mexico,Avenida Constituyentes No. 23,San Miguel Chapultepec,Miguel Hidalgo,11850.0,,
1923,Agencia de viajes,Ugalde Travel,Avenida Ejido No. 160,Fraccionamiento Vergel De Coyoacan,Tlalpan,14340.0,,
1924,Agencia de viajes,miescape.mx,Avenida Taxqueña No. 1320,Campestre Churubusco,Coyoacán,4200.0,,
1925,Agencia de viajes,COVIM,Av. Jose Maria Ibarraran No.47,San Jose Insurgentes,Benito Juárez,3900.0,,
1926,Agencia de viajes,Travel Concept o Traveltool México,"Montecito No.38 Piso 21, Of. 4 Y 5",Napoles,Benito Juárez,3810.0,,
1927,Agencia de viajes,Imagination Tours,"Calle 17, No.251",Prohogar,Azcapotzalco,2600.0,,
1928,Agencia de viajes,Ten Group,Av. Paseo De La Reforma No. 296,Juárez,Cuauhtémoc,6600.0,,
1929,Agencia de viajes,Viajes KAMFE,Dr Jose Ma Vertiz 1271 Dep 3,Letran Valle,Benito Juárez,3650.0,,
1930,Agencia de viajes,Viajes Ejecutivos Integrales S.A De C.V,Paseo De La Reforma 42 1Er Piso Oficina A,Centro,Cuauhtémoc,6010.0,,
1931,Agencia de viajes,Turimoda,Montecito No. 38 Piso 21 Oficina 12,Nápoles,Benito Juárez,3810.0,,
1932,Agencia de viajes,Presencia Latinoamericana,Rodriguez Saro No. 632,Del Valle,Benito Juárez,3100.0,,
1933,Agencia de viajes,Viajes Ceana,Sur 97 No. 18,Del Parque,Venustiano Carranza,15960.0,,
1934,Agencia de viajes,Tfz Products S.A. De C.V.,Berlin 33 Casa 1,Del Carmen,Coyoacán,4100.0,,
1935,Agencia de viajes,Elite Cancun Travel y  Tours,Av. Juan A Mateo No.86,Obrera,Cuauhtémoc,6800.0,,
1936,Agencia de viajes,Hotelorum Online Hotels,"Toltecas 166, Torre F",Carola,Álvaro Obregón,1180.0,,
1937,Agencia de viajes,Lemaji,Avenida Insurgentes No.429-12,Hipodromo Condesa,Cuauhtémoc,6100.0,,
1938,Agencia de viajes,Cisetur S.C,"Camelia, No.197",Guerrero,Cuauhtémoc,6300.0,,
1939,Agencia de viajes,Life Style,"Av. Alvaro Obregón, No.151",Roma,Cuauhtémoc,6700.0,,
1940,Agencia de viajes,Viajes Zona Oriente,Av. Ferrocarril Río Frio No. 180 Local 3,Agricola Oriental,Iztapalapa,8500.0,,
1941,Agencia de viajes,Espíritu Viajero,San Borja No 239 Int. 203,Vértiz Narvarte,Benito Juárez,3600.0,,
1942,Agencia de viajes,Ha Lik´ Tours,Sur 109-A No. 335,Héroes De Churubusco,Iztapalapa,9090.0,,
1943,Agencia de viajes,Travel Boutique,Avenida Dr. Jose Maria Vertiz No. 1205,Letran Valle,Benito Juárez,3650.0,,
1944,Agencia de viajes,Viajarsolo.com.mx,Goya No.24,Edificio Insurgentes Mixcoac,Benito Juárez,3920.0,,
1945,Agencia de viajes,Souvenir Travel,Calle Simon Bolivar  Numero 8 Y Eje Lazaro Cardenas,Obrera,Cuauhtémoc,6800.0,,
1946,Agencia de viajes,Servicios Turísticos Jade,Cerrada De Cándido Avilés,Memetla,Cuajimalpa de Morelos,5330.0,Minorista,
1947,Agencia de viajes,Delta Viajes,Morena 810,Piedad Narvarte,Benito Juárez,3020.0,Minorista,
1948,Agencia de viajes,Be Smartravel,Poniente 58 Num 3906,Obrero Popular,Azcapotzalco,2840.0,Minorista,
1949,Restaurante,Restaurante Zanaya,Paseo de la Reforma 500,Juárez,Cuauhtémoc,6600.0,Restaurante,Mexicana
1950,Restaurante,Restaurante El Salvador,Republica de El Salvador 16,Centro,Cuauhtémoc,6080.0,Restaurante buffet,Mexicana
1951,Restaurante,Ponte Vecchio,Florencia 61,Juárez,Cuauhtémoc,6600.0,Restaurante,Mexicana
1952,Restaurante,Restaurante Principado,Londres No. 42,Juárez,Cuauhtémoc,6600.0,,
1953,Restaurante,Restaurante Tarento,Paseo de la Reforma 80,Juárez,Cuauhtémoc,6600.0,Restaurante buffet,Mexicana
1954,Restaurante,Restaurant Gillow,Isabel la Católica 17,Centro,Cuauhtémoc,6000.0,Restaurante,Mexicana
1955,Restaurante,Restaurante Bar Isabel,Isabel La Católica No.63,Centro,Cuauhtémoc,6000.0,,
1956,Restaurante,Restaurante Bar Lepanto,Paseo de la Reforma 105,Tabacalera,Cuauhtémoc,6030.0,Restaurante,Mexicana
1957,Restaurante,Cafetería Los Naranjos,Avenida Paseo de la Reforma 105,Tabacalera,Cuauhtémoc,6030.0,Restaurante,Mexicana
1958,Restaurante,Mesón Del Monje,Frontera No.217,Roma Norte,Cuauhtémoc,6700.0,,
1959,Restaurante,Restaurante La Huerta,Calzada General Mariano Escobedo 700,Anzures,Miguel Hidalgo,11590.0,Restaurante,Mexicana
1960,Restaurante,Chilis Grill & Bar,Calzada De Guadalupe 431,Guadalupe Tepeyac,Gustavo A. Madero,7840.0,,
1961,Restaurante,Los Murales,Liverpool No.152,Juárez,Cuauhtémoc,6600.0,,
1962,Restaurante,Anderson'S,Paseo de la Reforma 382 locales A y B,Juárez,Cuauhtémoc,6600.0,Restaurante,Mexicana
1963,Restaurante,Mazurka,Nueva York 150,Nápoles,Benito Juárez,3810.0,Restaurante,Mexicana
1964,Restaurante,Mesón Taurino,Durango 175,Roma Norte,Cuauhtémoc,6700.0,Restaurante,Mexicana
1965,Restaurante,Súper Cocina Coyoacán,Avenida Aguayo 7 H,Del Carmen,Coyoacán,4100.0,Restaurante,Internacional
1966,Restaurante,Mesón Antigua Santa Catarina,Jardín de Santa Catarina No. 6,Barrio de Santa Catarina,Coyoacán,4100.0,,
1967,Restaurante,Potzollcalli Miguel Ángel De Quevedo,Avenida Miguel Ángel de Quevedo 536,Del Carmen,Coyoacán,4100.0,Restaurante buffet,Internacional
1968,Restaurante,Restaurante Bar La Playa,Av. Tláhuac No. 4668,Barrio Los Reyes,Tláhuac,13080.0,,
1969,Restaurante,Los Danzantes,Plaza Jardín Centenario 12,Villa Coyoacán,Coyoacán,4000.0,Restaurante,Internacional
1970,Restaurante,El Farolito,Alfonso Reyes 4,Hipódromo Condesa,Cuauhtémoc,6170.0,Restaurante,Mexicana
1971,Restaurante,Excellency,Prado Sur 110,Lomas de Chapultepec,Miguel Hidalgo,11000.0,Restaurante,Internacional
1972,Restaurante,La Gran Tostada,Estrella Cefeida 9,Prados de Coyoacán,Coyoacán,4810.0,Restaurante,Mexicana
1973,Restaurante,El Tizoncito,Avenida Tamaulipas 122 locales A y B,Condesa,Cuauhtémoc,6140.0,Restaurante,Mexicana
1974,Restaurante,Restaurant Miarchos,Calzada Ermita Iztapalapa 867,Santa Isabel Industrial,Iztapalapa,9360.0,Restaurante,Mexicana
1975,Restaurante,El Matisse,Ámsterdam 260,Hipódromo Condesa,Cuauhtémoc,6100.0,Restaurante,Mexicana
1976,Restaurante,Arroyo,Avenida Insurgentes Sur 4003,Tlalpan,Tlalpan,14000.0,Restaurante,Mexicana
1977,Restaurante,Un Lugar De La Mancha,Prado Norte 205,Lomas de Chapultepec,Miguel Hidalgo,11000.0,Cafetería,Internacional
1978,Restaurante,Francés De La Montaña,Carretera Federal a Cuernavaca 7575,Santiago Tepalcatlalpan,Xochimilco,16200.0,Restaurante,Francesa
1979,Restaurante,El Fogoncito,Leibnitz 54,Anzures,Miguel Hidalgo,11590.0,Taquerías y Torterías,Mexicana
1980,Restaurante,El Fogoncito Félix Parra,Félix Parra 25 Bis,San José Insurgentes,Benito Juárez,3900.0,,
1981,Restaurante,Don Taco,Calzada Canal de Miramontes 3011,Los Girasoles,Coyoacán,4920.0,Taquerías y Torterías,Mexicana
1982,Restaurante,Restaurant La Capilla,Avenida Independencia 30,Barrio Nushtla,Milpa Alta,12200.0,Restaurante,Regional
1983,Restaurante,Beer Factory Cuicuilco,"San Fernando, No. 649",Peña Pobre,Tlalpan,14060.0,,
1984,Restaurante,Restaurantes California Pilares,Avenida Pilares 541,Del Valle Centro,Benito Juárez,3100.0,Restaurante buffet,Mexicana
1985,Restaurante,Restaurantes California Misterios,Calzada de los Misterios 62,Tepeyac Insurgentes,Gustavo A. Madero,7020.0,,
1986,Restaurante,Restaurantes California Tlalpan,Calzada Tlalpan 1013,Américas Unidas,Benito Juárez,3610.0,Restaurante buffet,Mexicana
1987,Restaurante,Restaurantes California Guadalupe,Calzada de Guadalupe 557,Estrella,Gustavo A. Madero,7810.0,,
1988,Restaurante,Restaurantes California La Virgen,Calzada de la Viga 1381,El Retoño,Iztapalapa,9440.0,Restaurante buffet,Mexicana
1989,Restaurante,Restaurantes California Iztapalapa,Calzada Ermita Iztapalapa 2955,San Miguel,Iztapalapa,9360.0,Restaurante buffet,Mexicana
1990,Restaurante,Chilis Grill & Bar,"Av. Insurgentes, No. 1971",Guadalupe Inn,Álvaro Obregón,1020.0,,
1991,Restaurante,Sanborns,Miguel Ángel de Quevedo 1030,Parque San Andrés,Coyoacán,4040.0,,
1992,Restaurante,La Negrita,Avenida Fray Servando Teresa de Mier 950,Jardín Balbuena,Venustiano Carranza,15900.0,Restaurante,Mexicana
1993,Restaurante,Barracuda,Avenida Nuevo León 4 A,Condesa,Cuauhtémoc,6140.0,Restaurante,Internacional
1994,Restaurante,El Rincon De La Purisima,Arcos de Belén 55,Centro,Cuauhtémoc,6070.0,,Carnes
1995,Restaurante,Sushi Roll,Calzada del Hueso 519 413,Ex hacienda Coapa,Tlalpan,14300.0,Restaurante,Japonesa
1996,Restaurante,Pollos Río,Gutenberg 16,Anzures,Miguel Hidalgo,11590.0,Restaurante,Mexicana
1997,Restaurante,Biko,Avenida Presidente Masaryk 407,Polanco,Miguel Hidalgo,11550.0,Restaurante,Mexicana
1998,Restaurante,Restaurante Don Chon,Regina 160,Centro,Cuauhtémoc,6090.0,Restaurante,Regional
1999,Restaurante,Círculo Vasco Español,Avenida 16 de Septiembre 51 piso 1,Centro,Cuauhtémoc,6000.0,Restaurante buffet,Española
2000,Restaurante,Danubio,República de Uruguay 3,Centro,Cuauhtémoc,6000.0,Restaurante,Del Mar
2001,Restaurante,Fonda Garufa,Avenida Michoacán 93 1,Condesa,Cuauhtémoc,6140.0,Restaurante buffet,Internacional
2002,Restaurante,Café Recreativo El Ocho,Avenida México 111,Hipódromo,Cuauhtémoc,6100.0,Restaurante,Internacional
2003,Restaurante,Suntory,Torres Adalid 14,Del Valle Centro,Benito Juárez,3100.0,Restaurante,Japonesa
2004,Restaurante,Rincón Polaco,Providencia 806,Del Valle Centro,Benito Juárez,3100.0,Restaurante,Internacional
2005,Restaurante,Prego,Alejandro Dumas 10,Polanco,Miguel Hidalgo,11560.0,Restaurante,Italiana
2006,Restaurante,Café Urbano,Campos Eliseos No. 218,Polanco Chapultepec,Miguel Hidalgo,11560.0,,
2007,Restaurante,The Room Business Center,Jaime Balmes 8 planta baja 3,Polanco,Miguel Hidalgo,11510.0,Restaurante,Internacional
2008,Restaurante,Mr. Sushi,Rio Tibes 99 piso 9 despacho 902,Cuauhtémoc,Cuauhtémoc,6500.0,Restaurante,Japonesa
2009,Restaurante,Potzollcalli Insurgentes,Avenida Insurgentes Sur 1605 piso 2 66,San José Insurgentes,Benito Juárez,3900.0,Restaurante,Mexicana
2010,Restaurante,Boca Del Río,Avenida Ribera de San Cosme 42 A,San Rafael,Cuauhtémoc,6470.0,Restaurante,Del Mar
2011,Restaurante,Pizzas Don,Avenida Insurgentes Centro 39 A,San Rafael,Cuauhtémoc,6470.0,Restaurante,Italiana
2012,Restaurante,Sanborns,Bosques de Reforma No. 1813,Bosques de Vista,Cuajimalpa de Morelos,5100.0,,
2013,Restaurante,Vips,José María Castorena No. 470 / II E,San José de los Cabos,Cuajimalpa de Morelos,5200.0,,
2014,Restaurante,Tony Roma´S Polanco,Avenida Presidente de Masaryk 52,Polanco,Miguel Hidalgo,11560.0,Restaurante,Internacional
2015,Restaurante,Restaurante Yi-Kon,Avenida San Jerónimo 630 16 B,La Otra Banda,Álvaro Obregón,1090.0,Restaurante,Cantonesa
2016,Restaurante,Restaurantes Toks Aeropuerto,"Av. Capitán Carlos León, Terminal 2",Peñon de los baños,Venustiano Carranza,15520.0,,
2017,Restaurante,Sanborns Café Minerva,Universidad 1531,Florida,Álvaro Obregón,1030.0,Restaurante,Mexicana
2018,Restaurante,Restaurante La Casa Portuguesa,Emilio Castelar 111 A y B,Polanco,Miguel Hidalgo,11560.0,Restaurante,Internacional
2019,Restaurante,Restaurante Hipódromo,Avenida Insurgentes Sur 287,Hipódromo,Cuauhtémoc,6100.0,Restaurante,Alemana
2020,Restaurante,Restaurante Specia,Ámsterdam 241,Condesa,Cuauhtémoc,6140.0,Restaurante,Internacional
2021,Restaurante,Meridiem Museo,Paseo de la Reforma sin número,Polanco,Miguel Hidalgo,11560.0,Restaurante buffet,Mexicana
2022,Restaurante,Restaurant Bar La Mansión Sucursal Lomas,Montañas Calisas 210,Lomas de Chapultepec,Miguel Hidalgo,11000.0,Restaurante,Internacional
2023,Restaurante,Centro Castellano,República de Uruguay 16,Centro,Cuauhtémoc,6000.0,Restaurante,Española
2024,Restaurante,Los Arcos,San jeronimo 215,La Otra Banda,Álvaro Obregón,1090.0,,Pescados Y Mariscos
2025,Restaurante,Stuffa,Avenida Vasco de Quiroga 3800 442,Lomas de Vista Hermosa,Cuajimalpa de Morelos,5100.0,Restaurante,Italiana
2026,Restaurante,Italianni´S,"Av. Insurgentes Sur, No. 729",Nápoles,Benito Juárez,3810.0,,
2027,Restaurante,Parrilla Argentina La Fragua,Lafragua 4,Tabacalera,Cuauhtémoc,6030.0,Restaurante,Carnes
2028,Restaurante,La Destilería,Avenida Ejército Nacional 980 locales 236 y 237,Polanco,Miguel Hidalgo,11560.0,Restaurante,Mexicana
2029,Restaurante,Restaurante Cafetería La Fiesta,Bulevard Puerto Aéreo 502,Moctezuma,Venustiano Carranza,15530.0,Cafetería,Internacional
2030,Restaurante,El Nopalito,Avenida Insurgentes Norte 1037,Guadalupe Insurgentes,Gustavo A. Madero,7870.0,,
2031,Restaurante,Wings Tlalpan,Calzada de Tlalpan 1149,San Simón Ticumac,Benito Juárez,3660.0,Restaurante,Internacional
2032,Restaurante,Mama´S Pizza,Nicolás de San Juan 1757,Del Valle Centro,Benito Juárez,3100.0,Restaurante,Italiana
2033,Restaurante,Vips,Av. Insurgentes Sur No. 453,Hipódromo Condesa,Cuauhtémoc,6760.0,,
2034,Restaurante,Don Camilo,Avenida Universidad 399,Narvarte Poniente,Benito Juárez,3020.0,Restaurante,Carnes
2035,Restaurante,El Samurái,Avenida Nueva York 85,Nápoles,Benito Juárez,3810.0,Restaurante,Japonesa
2036,Restaurante,Cafebrería El Péndulo Condesa,Avenida Nuevo León 115,Condesa,Cuauhtémoc,6140.0,Cafetería,Mexicana
2037,Restaurante,El Farolito,Avenida de las Fuentes 510  local 11,Jardines del Pedregal,Álvaro Obregón,1900.0,Taquerías y Torterías,Mexicana
2038,Restaurante,Restaurante Asia,Avenida Vasco de Quiroga 3800 491,Paseo de las Lomas,Álvaro Obregón,1330.0,Restaurante buffet,Cantonesa
2039,Restaurante,Parrilla Danesa,Matanzas 669,Lindavista Norte,Gustavo A. Madero,7300.0,,
2040,Restaurante,Karisma,Campos Elíseos 219,Polanco,Miguel Hidalgo,11560.0,Restaurante,Mexicana
2041,Restaurante,El Mesón De Valencia,Avenida Hidalgo 345,San Miguel,Iztapalapa,9360.0,Restaurante,Mexicana
2042,Restaurante,Un Lugar De La Mancha,Esopo 11,Polanco,Miguel Hidalgo,11560.0,Restaurante,Internacional
2043,Restaurante,Toks Eduardo Molina,Avenida Eduardo Molina 1623,El Coyol,Gustavo A. Madero,7420.0,,
2044,Restaurante,La Alcantarilla,Calzada Desierto de los Leones 5469,Alcantarilla,Álvaro Obregón,1729.0,Restaurante,Argentina
2045,Restaurante,El Bataclan,Popocatépetl 25,Hipódromo,Cuauhtémoc,6100.0,Restaurante,Mexicana
2046,Restaurante,La Mansión,Avenida Insurgentes Sur 778,Del Valle Centro,Benito Juárez,3100.0,Restaurante,Carnes
2047,Restaurante,Restaurante Bar Bolaños,Calle 5 de Febrero 14 local 17,Centro,Cuauhtémoc,6060.0,Restaurante,Mexicana
2048,Restaurante,Restaurante Gino´S,Avenida Insurgentes Sur 1777,Guadalupe Inn,Álvaro Obregón,1020.0,Restaurante,Italiana
2049,Restaurante,El Tizoncito,Avenida Adolfo Ruiz Cortinez 4020 local 171819 A,Jardines del Pedregal,Álvaro Obregón,1900.0,Taquerías y Torterías,Mexicana
2050,Restaurante,Sushi Itto Loreto,Primera privada de Altamirano 46 4 M módulo B,Tizapán,Álvaro Obregón,1090.0,Restaurante,Japonesa
2051,Restaurante,El Torito,Avenida Periférico Sur 4690 local 504,Jardines del Pedregal,Coyoacán,4500.0,Restaurante buffet,Carnes
2052,Restaurante,Enrique,Avenida Insurgentes 4061,Tlalpan,Tlalpan,14000.0,Restaurante,Mexicana
2053,Restaurante,Restaurante Bar Micalet,Avenida Coyoacán 1435 edificio J 77,Del Valle Centro,Benito Juárez,3100.0,Restaurante,Mexicana
2054,Restaurante,Tortas Locas Hipocampo,Avenida Coyoacán 1435 1 A,Del Valle Centro,Benito Juárez,3100.0,Comida rapida,Mexicana
2055,Restaurante,La Jarochita,Avenida Constituyentes 1220,Lomas Altas,Miguel Hidalgo,11950.0,Fondas y cocinas económicas,Mexicana
2056,Restaurante,Puesto Rojo,Calzada Desierto de los Leones 39,La Venta,Cuajimalpa de Morelos,5520.0,Restaurante,Mexicana
2057,Restaurante,Tamalli,Avenida Cuauhtémoc 1371,Santa Cruz Atoyac,Benito Juárez,3310.0,Comida rapida,Mexicana
2058,Restaurante,Asado Del Valle,Maricopa No. 40,Nápoles,Benito Juárez,3810.0,,
2059,Restaurante,Italianni´S,"Antonio M. Anza, No. 20",Roma,Cuauhtémoc,6700.0,,
2060,Restaurante,Burger King,"Avenida, Av. Reforma, No. 22",Juárez,Cuauhtémoc,6600.0,,
2061,Restaurante,Restoranes Y Bares  Mallorca,"Serapio Rendón, No, 119",San Rafael,Cuauhtémoc,6470.0,,
2062,Restaurante,Starbucks Coffee,Boulevard Miguel de Cervantes Saavedra No. 397,Irrigación,Miguel Hidalgo,11500.0,,
2063,Restaurante,Starbucks Coffee,Avenida Miguel Angel de Quevedo No. 524,Villa Coyoacán,Coyoacán,4000.0,,
2064,Restaurante,Starbucks Coffee,Colectores 13 280,Magdalena de las Salinas,Gustavo A. Madero,7760.0,,
2065,Restaurante,Starbucks Coffee,Colectores 12 280,Magdalena de las Salinas,Gustavo A. Madero,7760.0,,
2066,Restaurante,Starbucks Coffee,Presidente Masaryk No. 39,Chapultepec,Miguel Hidalgo,11570.0,,
2067,Restaurante,Starbucks Coffee,Avenida de las Palmas No. 765,Lomas de Chapultepec,Miguel Hidalgo,5109.0,,
2068,Restaurante,Starbucks Coffee,Avenida Aquiles Serdan No. 400,Nextengo,Azcapotzalco,2070.0,,
2069,Restaurante,Starbucks Coffee,Avenida Ejército Nacional No. 843,Granada,Miguel Hidalgo,11520.0,,
2070,Restaurante,Starbucks Coffee,"Lago Zurich, 245",Anáhuac,Miguel Hidalgo,11320.0,,
2071,Restaurante,Starbucks Coffee,"Avenida Periférico Sur,4132",Jardines del Pedregal,Álvaro Obregón,1900.0,,
2072,Restaurante,Starbucks Coffee,"Calzada del Hueso,670",Fraccionamiento Los Robles,Coyoacán,4870.0,,
2073,Restaurante,Starbucks Coffee,Avenida Santa Fé No. 94,Santa Fe Cuajimalpa,Álvaro Obregón,1210.0,,
2074,Restaurante,Starbucks Coffee,"Avenida Paseo de la Reforma,195",Cuauhtémoc,Cuauhtémoc,6500.0,,
2075,Restaurante,Starbucks Coffee,Edgar Allan Poe No. 308,Polanco,Miguel Hidalgo,11550.0,,
2076,Restaurante,Starbucks Coffee,Avenida Acoxpa No. 430,Ex Hacienda Coapa,Tlalpan,14308.0,,
2077,Restaurante,Starbucks Coffee,Avenida Paseo de la Reforma No. 10,Guerrero,Cuauhtémoc,6300.0,,
2078,Restaurante,Starbucks Coffee,Avenida Félix Cuevas 6,Del Valle Centro,Benito Juárez,3200.0,,
2079,Restaurante,Starbucks Coffee,Avenida Montevideo 257,Lindavista Norte,Gustavo A. Madero,7300.0,,
2080,Restaurante,Starbucks Coffee,Avenida Puente 186,Amsa,Tlalpan,14380.0,,
2081,Restaurante,Starbucks Coffee,Avenida Prolongación División del Norte 4344,Nueva Oriental Coapa,Tlalpan,14300.0,,
2082,Restaurante,Starbucks Coffee,Boulevard Manuel Ávila Camacho No.1,Lomas De Chapultepec,Miguel Hidalgo,11000.0,,
2083,Restaurante,Starbucks Coffee,"Av. Capitán Carlos León González, S/N",Zona Federal Aeropuerto,Venustiano Carranza,15620.0,,
2084,Restaurante,Starbucks Coffee,Avenida Lago Alberto No.320,Anáhuac,Miguel Hidalgo,11320.0,,
2085,Restaurante,Starbucks Coffee,"Avenida Calle Sur 136, No. 116",Las Américas,Álvaro Obregón,1120.0,,
2086,Restaurante,Starbucks Coffee,Avenida Callejón Coroco No.6,San Diego Churubusco,Coyoacán,4120.0,,
2087,Restaurante,Dominos Pizza,Av. Ermita Iztapalapa No. 756,Santa Isabel Industrial,Iztapalapa,9820.0,,
2088,Restaurante,Dominos Pizza,Aluminio No. 401,20 de Noviembre,Venustiano Carranza,15300.0,,
2089,Restaurante,Dominos Pizza,Rafael Reyes Espindola No. 491,Periodista,Miguel Hidalgo,11220.0,,
2090,Restaurante,Dominos Pizza,Av. Santa Lucía Num 1043,Colinas del Sur,Álvaro Obregón,1430.0,,
2091,Restaurante,Dominos Pizza,"Avenida Prolongacion Paseo de la Reforma, No. 400",Peña Blanca,Álvaro Obregón,1210.0,,
2092,Restaurante,Dominos Pizza,"Avenida Acoxpa, No. 430",Vergel del Sur,Tlalpan,14340.0,,
2093,Restaurante,Dominos Pizza,"Boulevard López Mateos, No. 1701",Lomas de Plateros,Álvaro Obregón,1480.0,,
2094,Restaurante,Dominos Pizza,"Av. Vasco de Quiroga, No. 3900",Tlaxala,Cuajimalpa de Morelos,5300.0,,
2095,Restaurante,Starbucks Coffee,Avenida Vasco De Quiroga No. 3800,Antigua Mina,Cuajimalpa de Morelos,5109.0,,
2096,Restaurante,Dominos Pizza,"Avenida Cuauhtémoc, No. 462",Narvarte,Benito Juárez,3020.0,,
2097,Restaurante,Starbucks Coffee,Insurgentes Sur No. 1971,Guadalupe Inn,Álvaro Obregón,1020.0,,
2098,Restaurante,Starbucks Coffee,Av. Santa Fe No. 482,Santa Fe,Cuajimalpa de Morelos,5349.0,,
2099,Restaurante,Dominos Pizza,"Av. Observatorio, No. 457",Las Américas,Álvaro Obregón,1120.0,,
2100,Restaurante,Starbucks Coffee,Calzada San Juan de Aragón 516,Lardizabal Carrera,Gustavo A. Madero,7070.0,,
2101,Restaurante,Starbucks Coffee,Montecitos No. 38,Nápoles,Benito Juárez,3810.0,,
2102,Restaurante,Starbucks Coffee,Avenida Paseo de la Reforma No. 347,Cuauhtémoc,Cuauhtémoc,6500.0,,
2103,Restaurante,Starbucks Coffee,Durango No. 205,Roma,Cuauhtémoc,6700.0,,
2104,Restaurante,Starbucks Coffee,Londres No. 127,Juárez,Cuauhtémoc,6600.0,,
2105,Restaurante,Starbucks Coffee,Boulevard Adolfo López Mateos No. 4020,Jardines del Pedregal,Álvaro Obregón,1900.0,,
2106,Restaurante,Starbucks Coffee,Fray Servando Teresa de Mier No. 964,Jardín Balbuena,Venustiano Carranza,15900.0,,
2107,Restaurante,Starbucks Coffee,Avenida Tezontle No. 1520 Int. A,Doctor Alfonso Ortiz Tirado,Iztapalapa,9020.0,,
2108,Restaurante,Starbucks Coffee,Avenida Michoacán No.139,Condesa,Cuauhtémoc,6140.0,,
2109,Restaurante,Starbucks Coffee,Avenida Revolución No. 780,San Juan,Benito Juárez,3730.0,,
2110,Restaurante,Starbucks Coffee,Avenida Adolfo López Mateos S/N,San Jerónimo,La Magdalena Contreras,10200.0,,
2111,Restaurante,Starbucks Coffee,Avenida Javier Barros Sierra No. 540,Santa Fe,Álvaro Obregón,1210.0,,
2112,Restaurante,Starbucks Coffee,Av. Ejército Nacional No. 980,Chapultepec Morales,Miguel Hidalgo,11570.0,,
2113,Restaurante,Starbucks Coffee,Camarones No. 510,El Recreo,Azcapotzalco,2070.0,,
2114,Restaurante,Starbucks Coffee,Camino A Santa Teresa No.13,Héroes de Padierna,Tlalpan,14200.0,,
2115,Restaurante,Dominos Pizza,"Av. Insurgentes Sur, No. 388",Roma,Cuauhtémoc,6700.0,,
2116,Restaurante,Starbucks Coffee,Insurgentes Sur No. 1743,Guadalupe Inn,Álvaro Obregón,1020.0,,
2117,Restaurante,Starbucks Coffee,Avenida Insurgentes Sur No. 729,Nápoles,Benito Juárez,3810.0,,
2118,Restaurante,Starbucks Coffee,Cráter No.709,Jardines del Pedregal,Álvaro Obregón,1900.0,,
2119,Restaurante,Dominos Pizza,Ave. Tacuba Num 74,Centro,Cuauhtémoc,6010.0,,
2120,Restaurante,Vips,Miguel Ángel de Quevedo No. 870-A,Barrio de la Concepción,Coyoacán,4020.0,,
2121,Restaurante,Vips,Av. Canal de Tezontle No. 1520-B,Doctor Alfonso Ortiz Tirado,Iztapalapa,9020.0,,
2122,Restaurante,Vips,Av. Insurgentes Sur No. 2383,Tizapán,Álvaro Obregón,1090.0,,
2123,Restaurante,Vips,San Francisco No. 1621-A,Del Valle,Benito Juárez,3100.0,,
2124,Restaurante,Vips,Av. Insurgentes Sur No. 1581,San José Insurgentes,Benito Juárez,3900.0,,
2125,Restaurante,Vips,Canal de Miramontes No. 2053,Los Girasoles,Coyoacán,4920.0,,
2126,Restaurante,Vips,Tláhuac No. 4431,Lomas Estrella,Iztapalapa,9890.0,,
2127,Restaurante,Vips,Ermita Iztapalapa No. 907,Santa Isabel Industrial,Iztapalapa,9820.0,,
2128,Restaurante,Vips,Anillo Periférico No. 1911-A,Ejército Constitucionalista,Iztapalapa,9220.0,,
2129,Restaurante,Vips,Eje 5 Sur Eugenia No. 194,Vértiz Narvarte,Benito Juárez,3600.0,,
2130,Restaurante,Vips,José Luis Lagrange No. 103,Los Morales,Miguel Hidalgo,11510.0,,
2131,Restaurante,Vips,Av. Insurgentes Sur No. 105,Juárez,Cuauhtémoc,6600.0,,
2132,Restaurante,Vips,Av. Insurgentes Sur No. 180,Roma,Cuauhtémoc,6700.0,,
2133,Restaurante,Vips,Av. Observatorio No. 457-A,Las Américas,Álvaro Obregón,1120.0,,
2134,Restaurante,Vips,Av. Insurgentes Norte No. 131-A,Guerrero,Cuauhtémoc,6300.0,,
2135,Restaurante,Vips,Av. Insurgentes Centro No. 67,San Rafael,Cuauhtémoc,6470.0,,
2136,Restaurante,Vips,Gutemberg No. 231,Nueva Anzures,Miguel Hidalgo,11590.0,,
2137,Restaurante,Vips,Calzada de Guadalupe 431,Guadalupe Tepeyac,Gustavo A. Madero,7840.0,,
2138,Restaurante,Vips,Av. El Rosario No. 1025,Tierra Nueva,Azcapotzalco,2430.0,,
2139,Restaurante,Sanborns,Calzada Camarones 108,San Salvador Xochimanca,Azcapotzalco,2870.0,,
2140,Restaurante,Sanborns,Paseo de la Reforma 333,Cuauhtémoc,Cuauhtémoc,6500.0,,
2141,Restaurante,Debbie & Peponne Healthy Food And Bakery,Avenida Las Fuentes No. 425,Jardines del Pedregal,Álvaro Obregón,1900.0,,
2142,Restaurante,Debbie & Peponne Healthy Food And Bakery,Campos Eliseos No. 189,Polanco,Miguel Hidalgo,11560.0,,
2143,Restaurante,Sanborns,Calzada Vallejo  296 - 1,San Francisco Xocotitla,Azcapotzalco,2960.0,,
2144,Restaurante,Restaurante El Sol,"Boulevard Aeropuerto, No.380",Moctezuma,Venustiano Carranza,15530.0,,
2145,Restaurante,Sanborns,San Luis Potosí 214,Roma,Cuauhtémoc,6170.0,,
2146,Restaurante,Sanborns,Isabel La Católica 51,Centro,Cuauhtémoc,6000.0,,
2147,Restaurante,Sanborns,Guillermo González Camarena  111,Centro Santa Fe,Álvaro Obregón,1210.0,,
2148,Restaurante,Sanborns,Canal de Tezontle  1512,Doctor Alfonso Ortiz Tirado,Iztacalco,9020.0,,
2149,Restaurante,Sanborns,Av. Coyoacán 2000,Xoco,Benito Juárez,3330.0,,
2150,Restaurante,El Portón,"Av. Cuitlahuac, No. 3651",Hogar y Seguridad,Azcapotzalco,2500.0,,
2151,Restaurante,El Portón,Calzada de Guadalupe 431,Guadalupe de Tepeyac,Gustavo A. Madero,7840.0,,
2152,Restaurante,El Portón,"Ignacio Esteva, No. 10",San Miguel Chapultepec,Miguel Hidalgo,11850.0,,
2153,Restaurante,El Portón,"Av. San Jerónimo, No. 630",Jardines del Pedregal,Álvaro Obregón,1090.0,,
2154,Restaurante,El Portón,"Miguel Ángel de Quevedo, No. 175",Oxtopulco,Coyoacán,4318.0,,
2155,Restaurante,Kofetarica,Malintzin No. 148,Del Carmen,Coyoacán,4100.0,,
2156,Restaurante,Sanborns,San Jerónimo 630,Jardines del Pedregal,Álvaro Obregón,1900.0,,
2157,Restaurante,Puerta De Hierro,"Carretera Federal a Cuernavaca, No.5101",Chimalcoyotl,Tlalpan,14630.0,,
2158,Restaurante,Chilis Grill & Bar,"Claz. Vallejo, No. 1090",Industrial Vallejo,Azcapotzalco,2300.0,,
2159,Restaurante,Chilis Grill & Bar,"Av. Rosario, No. 1025",El Rosario,Azcapotzalco,2430.0,,
2160,Restaurante,Chilis Grill & Bar,"Antonio Manuel Anza, No. 20",Roma Sur,Cuauhtémoc,6760.0,,
2161,Restaurante,Chilis Grill & Bar,Av. Insurgentes Sur. No. 1352,Del Valle,Benito Juárez,3100.0,,
2162,Restaurante,Alfredo Di Roma Trattoria,Av. Ejercito Nacional No. 769,Granada,Miguel Hidalgo,11560.0,,
2163,Restaurante,Chilis Grill & Bar,"Av. Capitán Carlos León González, s/n",Peñón de los Baños,Venustiano Carranza,15620.0,,
2164,Restaurante,Burger King,"Calle 10, No. 132",San Pedro de los Pinos,Álvaro Obregón,1180.0,,
2165,Restaurante,Chilis Grill & Bar,"Av. Vasco de Quiroga, No. 1800",Peña Blanca,Álvaro Obregón,1210.0,,
2166,Restaurante,Chilis Grill & Bar,"Av. Canal de Tezontle, No. 1512",Doctor Alfonso Ortiz Tirado,Iztapalapa,9020.0,,
2167,Restaurante,Sanborns,Calzada de Tlalpan 4737,Toriello Guerra,Tlalpan,14050.0,,
2168,Restaurante,Sanborns,Calzada del Hueso 519,Coapa,Tlalpan,14300.0,,
2169,Restaurante,Sanborns,Francisco I. Madero 6,Centro,Cuauhtémoc,6500.0,,
2170,Restaurante,Sanborns,Av. Del Imán 151,Pedregal de Carrasco,Coyoacán,4700.0,,
2171,Restaurante,Sanborns,Barranca del Muerto 479,Merced Gómez,Álvaro Obregón,1600.0,,
2172,Restaurante,Cafetería Finca Santa Veracruz,Jose Maria Lafragua No. 7,Tabacalera,Cuauhtémoc,6030.0,,
2173,Restaurante,Restaurante Cluny,Av. De la paz No.57 Loc.25,San Ángel,Álvaro Obregón,1000.0,,
2174,Restaurante,Noviedades,Mar de la Sonda No. 16,Popotla,Miguel Hidalgo,11400.0,,
2175,Restaurante,Sanborns Cafe,Balderas 34,Centro,Cuauhtémoc,6600.0,,
2176,Restaurante,Sanborns Cafe,Juárez 34,Centro,Cuauhtémoc,6000.0,,
2177,Restaurante,Sanborns Cafe,División del Norte 1806,Portales,Benito Juárez,3300.0,,
2178,Restaurante,Sanborns Cafe,Humbolt 26,Centro,Cuauhtémoc,6040.0,,
2179,Restaurante,Sanborns Cafe,Mariano Escobedo 402,Anzures,Miguel Hidalgo,11590.0,,
2180,Restaurante,Friday´S,Avenida Popocatepetl,Xoco,Benito Juárez,3330.0,,
2181,Restaurante,Friday´S,"Av. Patriotismo, No. 229, L-R01-L17",San Pedro de los Pinos,Benito Juárez,3800.0,,
2182,Restaurante,Burger King,"Avenida Ejercito Nacional, No.843",Granada,Miguel Hidalgo,11520.0,,
2183,Restaurante,Burger King,"Av. Insurgentes, No. 2374",San Ángel,Álvaro Obregón,1000.0,,
2184,Restaurante,Burger King,"Av. Escuadrón 201, s/n",Cristo Rey,Álvaro Obregón,1150.0,,
2185,Restaurante,Burger King,"Av. Prolongación División del Norte, No. 5151",Paseos del Sur,Xochimilco,16010.0,,
2186,Restaurante,Burger King,"Av. Universidad, No. 740",Santa Cruz Atoyac,Benito Juárez,3310.0,,
2187,Restaurante,Burger King,"Av. Azcapotzalco, No. 527",Centro de Azcapotzalco,Azcapotzalco,2000.0,,
2188,Restaurante,Burger King,"Av. José María Castorena, No. 232",Cuajimalpa,Cuajimalpa de Morelos,5000.0,,
2189,Restaurante,Burger King,"Av. Genova, No. 59",Juárez,Cuauhtémoc,6600.0,,
2190,Restaurante,Burger King,"Av. Cerro del Agua (Eje 10 Sur), s/n",Romero de Terreros,Coyoacán,4310.0,,
2191,Restaurante,Hacienda De Los Morales,Juan Vázquez de Mella No. 525,Del Bosque,Miguel Hidalgo,11510.0,,
2192,Restaurante,Parrilla Leonesa,"Av. Canal de Miramontes No. 3155, Local AN - 10",Vergel Coapa,Tlalpan,14320.0,,
2193,Restaurante,Sanborns,Guadalupe I. Ramírez No. 318,Tepepan San Marcos,Xochimilco,16050.0,,
2194,Restaurante,Sanborns,Tacuba No. 2,Centro,Cuauhtémoc,6010.0,,
2195,Restaurante,Sanborns,Vasco de Quiroga No. 3800,Santa Fe,Cuajimalpa de Morelos,1210.0,,
2196,Restaurante,Sanborns,Insurgentes Sur No. 688,Del Valle,Benito Juárez,3810.0,,
2197,Restaurante,Sanborns,Paseo de la Reforma No. 45,Tabacalera,Cuauhtémoc,6030.0,,
2198,Restaurante,Restaurante Liverpool Centro,Venustiano Carranza No. 92,Centro,Cuauhtémoc,6060.0,,
2199,Restaurante,Restaurante Liverpool Y Experiencia Gourmet Polanco,Mariano Escobedo No. 425,Polanco,Miguel Hidalgo,11570.0,,
2200,Restaurante,Restaurante Liverpool Y Experiencia Gourmet Insurgentes,Insurgentes Sur No. 1310,Del Valle,Benito Juárez,3100.0,,
2201,Restaurante,Sanborns,Altamirano No. 46,Barrio Loreto,Álvaro Obregón,1090.0,,
2202,Restaurante,Sanborns,Parque Centenario No. 5,Coyoacán,Coyoacán,4000.0,,
2203,Restaurante,Sanborns,Av. Cuauhtémoc No. 242,Doctores,Cuauhtémoc,6720.0,,
2204,Restaurante,Sanborns,Av. Patriotismo No. 229,San Pedro de los Pinos,Benito Juárez,11800.0,,
2205,Restaurante,Sanborns,Ejército Nacional No. 980,Chapultepec Morales,Miguel Hidalgo,11510.0,,
2206,Restaurante,Bar Fifty Mils -Hotel Four Seasons Cdmx-,"Avenida Paseo de la Reforma, No.500",Juárez,Cuauhtémoc,6600.0,,
2207,Restaurante,Restaurante Contigo Cocina De Diario,Rio Nilo No.75,Cuauhtémoc,Cuauhtémoc,6500.0,,
2208,Restaurante,Parrilla Leonesa Centro,Bolivar No.29,Centro,Cuauhtémoc,6000.0,,
2209,Restaurante,Vianda Dt,Calle Tres No. 55,Lomas de Santa Fe,Álvaro Obregón,1219.0,,
2210,Restaurante,Phone Bar -Hotel Geneve Ciudad De México-,"Londres, No.130",Juárez,Cuauhtémoc,6600.0,,
2211,Restaurante,La Puerta De Alcala,Anatole France 120,Polanco,Miguel Hidalgo,11550.0,,Otra
2212,Restaurante,Pf Chang´S China Bistro,"Av. Popocatepetl, No. 546",Xoco,Benito Juárez,3330.0,,
2213,Restaurante,Pf Chang´S China Bistro,"Av. Vasco de Quiroga, No. 3850",Santa Fe,Cuajimalpa de Morelos,5109.0,,
2214,Restaurante,Pf Chang´S China Bistro,"Av. Periférico Sur, No. 4132",Jardines del Pedregal,Álvaro Obregón,1900.0,,
2215,Restaurante,The Cheese Cake Factory,"Av. Vasco de Quiroga, No. 3800",Antigua Mina La Totolapa,Cuajimalpa de Morelos,5109.0,,
2216,Restaurante,Chemema Café,"Michoacan, No.9",Hipódromo,Cuauhtémoc,6100.0,,
2217,Restaurante,Olive Garden Universidad,"Av. Popocatépetl No. 546, L J11",Xoco,Benito Juárez,3330.0,,
2218,Restaurante,Taqueria Tres Coyotes,Ignacio Aldama No. 2,Del Carmen,Coyoacán,4100.0,,
2219,Restaurante,Los Arcos,Av presidente Masaryk 49A,Chapultepec Morales,Miguel Hidalgo,11570.0,,
2220,Restaurante,El Cardenal,Av. De la Paz No. 32,San Ángel,Álvaro Obregón,1000.0,,
2221,Restaurante,El Cardenal,Av. Paseo de las Palmas 213,Lomas de Chapultepec,Miguel Hidalgo,11000.0,,
2222,Restaurante,Cantina Buenos Aires,"Motolinia, No.21",Centro,Cuauhtémoc,6000.0,,
2223,Restaurante,Restaurante Bar Dolmen,"Dr. Andrade, No.69",Doctores,Cuauhtémoc,6720.0,,
2224,Restaurante,Lobby-Bar Britania,José María Lafragua No. 7,Tabacalera,Cuauhtémoc,6030.0,,Otra
2225,Restaurante,Cafeteria Finca Santa Veracruz,José María Lafragua  No. 7,Tabacalera,Cuauhtémoc,6030.0,,Otra
2226,Restaurante,Panda Express Wtc,"Montecito, No. 39 (Local 19-03)",Nápoles,Benito Juárez,3810.0,,
2227,Restaurante,Olive Garden,"Horacio, No.147 L-101",Chapultepec Morales,Miguel Hidalgo,11570.0,,
2228,Restaurante,Restaurante,Av. Canal Río Churubusco 1635,Central de Abastos,Iztapalapa,9040.0,,
2229,Restaurante,Restaurante Bar La Carreta,Belisario Dominguez No.6,Centro,Cuauhtémoc,6010.0,,
2230,Restaurante,Bar 32,"Hamburgo, No.32",Juárez,Cuauhtémoc,6600.0,,
2231,Restaurante,Roof Garden,"Hamburgo, No.32",Juárez,Cuauhtémoc,6600.0,,
2232,Restaurante,Fives Urban Cuisine,"Hamburgo, No.32",Juárez,Cuauhtémoc,6600.0,,
2233,Restaurante,Luna Bistro,"Hamburgo, No.32",Juárez,Cuauhtémoc,6600.0,,
2234,Restaurante,Luna Bistro,Segunda Privada de San Ángel No.4,Lomas de San Ángel Inn,Álvaro Obregón,1790.0,,
2235,Restaurante,Alfredo Di Roma,Campos Eliseos No. 218,Polanco,Miguel Hidalgo,11560.0,,
2236,Restaurante,La Huerta,Mariano Escobedo No.700,Nueva Anzures,Miguel Hidalgo,11590.0,,
2237,Restaurante,María Bonita,Mariano Escobedo No.700,Nueva Anzures,Miguel Hidalgo,11590.0,,
2238,Restaurante,Lobby Bar,Campos Eliseos No. 218,Polanco,Miguel Hidalgo,11560.0,,
2239,Restaurante,Hooters,Moliere No.353 Loc. L-A,Polanco,Miguel Hidalgo,11550.0,,
2240,Restaurante,Hooters,Canal de Miramontes No. 3155,Vergel Coapa,Tlalpan,14320.0,,
2241,Restaurante,Restaurante Kyo,Guillermo Gonzalez Camarena No.300,Centro,Álvaro Obregón,1210.0,,
2242,Restaurante,Banquetes Camino Real Santa Fe,Guillermo Gonzalez Camarena No.300,Centro,Álvaro Obregón,1210.0,,
2243,Restaurante,Lobby Lounge,Antonio Dovali Jaime 70,Zedec,Álvaro Obregón,1219.0,,
2244,Restaurante,Asado Del Valle,Amores No. 1444,Del Valle,Benito Juárez,3100.0,,
2245,Restaurante,Quintonil,Newton No.55,Polanco,Miguel Hidalgo,11560.0,,
2246,Restaurante,Restaurante Gogó Y Lola,Emilio Castelar No. 213 B,Polanco,Miguel Hidalgo,11550.0,,Mixta
2247,Restaurante,Restaurante Quetzal,Avenida Ticomán 3461,Santa María Ticoman,Gustavo A. Madero,7330.0,,Mixta
2248,Restaurante,Don Pollo Restaurantes,Paseo de la Reforma 264,Juárez,Cuauhtémoc,6600.0,Restaurante,Mexicana
2249,Arrendadora de autos,Dollar Rent a Car,Miguel Laurent 725,Del Valle,Benito Juárez,3100.0,Internacional,
2250,Arrendadora de autos,Grupo Álamo,Hamburgo 195,Juárez,Cuauhtémoc,6600.0,Internacional,
2251,Arrendadora de autos,Lord Travel,Colima 323 interior 8,Roma,Cuauhtémoc,6700.0,Nacional,
2252,Arrendadora de autos,Robinson Rent a Car,Sullivan 17 1 A,San Rafael,Cuauhtémoc,6470.0,Nacional,
2253,Arrendadora de autos,Casanova Vallejo,Norte 45  940 C,Nueva Industrial Vallejo,Gustavo A. Madero,7700.0,Nacional,
2254,Arrendadora de autos,Promotora de Transportes y Excursiones,Calle 1 manzana 2 20,Santa María Aztahuacan,Iztapalapa,9500.0,Nacional,
2255,Arrendadora de autos,AVIS,"Campos Eliseos, No.185 - bis",Polanco Chapultepec,Miguel Hidalgo,11560.0,Internacional,
2256,Arrendadora de autos,National Inter Rent,Campos Eliseos 204 planta baja,Polanco Chapultepec,Miguel Hidalgo,11560.0,Nacional,
2257,Arrendadora de autos,Atse,Coapa 21,Toriello Guerra,Tlalpan,14050.0,Nacional,
2258,Arrendadora de autos,Royal Rent a Car,Avenida Capitán Carlos León sin número sala E 3 local 15,Peñón de los Baños,Venustiano Carranza,15520.0,Nacional,
2259,Arrendadora de autos,Dollar Rent a Car,Avenida Capitán Carlos León sin número sala internacional local 16,Peñón de los Baños,Venustiano Carranza,15520.0,Internacional,
2260,Arrendadora de autos,National Car Rental,Periférico Sur No. 4349,Jardines de la Montaña,Tlalpan,14210.0,Internacional,
2261,Arrendadora de autos,National Car Rental,Autopista México-Toluca No. 1235,Lomas de Santa Fé,Cuajimalpa de Morelos,5300.0,Internacional,
2262,Arrendadora de autos,National Car Rental,Paseo de la Reforma No. 231,Cuauhtémoc,Cuauhtémoc,6500.0,Internacional,
2263,Guías de Turistas,Lizbeth Esmeralda Mas Moreno,Zaachila No.108,Patrimonio Familiar,Azcapotzalco,2980.0,General (NOM08),
2264,Guías de Turistas,Mario Monroy Luckie,F.Hernández Edif. H 4 501,Unidad Habitacional Presidente Madero,Azcapotzalco,2430.0,General (NOM08),
2265,Guías de Turistas,Fernando Piro Terán,"Av. Rio Consulado, No.1006",La Raza,Azcapotzalco,2990.0,General (NOM08),
2266,Guías de Turistas,Mario Alberto Villanueva González,"Zempoaltecas, No.18",Ex Hacienda El Rosario,Azcapotzalco,2420.0,General (NOM08),
2267,Guías de Turistas,José Manuel Ortiz Rocha,"Andador San Andrés, No, 0-0",San Andrés,Azcapotzalco,20240.0,General (NOM08),
2268,Guías de Turistas,Jorge Torres Ortega,Av.16 de Septiembre No.11,Unidad Habitacional Villas Azcapotzalco,Azcapotzalco,2160.0,General (NOM08),
2269,Guías de Turistas,José Manuel Carrizosa Cruz,Ahuehuetes No.30,Unidad CTM El Rosario,Azcapotzalco,2100.0,General (NOM08),
2270,Guías de Turistas,Arturo Martin Borboa Gómez,Vid No.282,Nueva Santa María,Azcapotzalco,2800.0,General (NOM08),
2271,Guías de Turistas,Edgar Pingarroni Martín Del Campo,San Juan Tlihuaca No. 16,San Juan Tlihuaca,Azcapotzalco,2400.0,General (NOM08),
2272,Guías de Turistas,Ariushka Araceli Herrera Alva,"Calle Arco del Triunfo, No.48.",Los Cedros,Coyoacán,6599.0,General (NOM08),
2273,Guías de Turistas,Laura Díaz Coria Aguilar,"Calzada de Tlalpan, No. 1750",Country Club,Coyoacán,64120.0,General (NOM08),
2274,Guías de Turistas,Luis Gerardo Gutierrez Garza,Camelias 20,Espartaco,Coyoacán,4870.0,General (NOM08),
2275,Guías de Turistas,Fred Vallejo Saldivar,Rancho la Veronica No. 126,Campestre,Coyoacán,4830.0,General (NOM08),
2276,Guías de Turistas,Francisco Javier Gutiérrez Agiss,Amelias 20,Fraccionamiento Los Robles,Coyoacán,4870.0,General (NOM08),
2277,Guías de Turistas,Abraham Pedraza Pichardo,Canahutli No.531,Santo Domingo,Coyoacán,4369.0,General (NOM08),
2278,Guías de Turistas,Paloma Sumano Ortega,Hacienda de la Flor 64,Villa Quietud,Coyoacán,4960.0,General (NOM08),
2279,Guías de Turistas,César Arturo Gómez Retana,"3a Cerrada Chamilpa, No. 17, Int. 1",Pedregal de Santo Domingo,Coyoacán,4369.0,General (NOM08),
2280,Guías de Turistas,Mario Romero Rodriguez,"Tepetlapa, No.102",Adolfo Ruiz Cortines,Coyoacán,4630.0,General (NOM08),
2281,Guías de Turistas,Ricardo Fernando Izquierdo Torres,"Andador 4° Mariquita Sanchez, No.33",Unidad Habitacional CTM Culhuacán,Coyoacán,4260.0,General (NOM08),
2282,Guías de Turistas,Norma Hermila Pozos Bocanegra,Avenida Heroica Escuela Naval Militar No. 474,San Francisco Culhuacán,Coyoacán,4260.0,General (NOM08),
2283,Guías de Turistas,Francisco Crescencio Sánchez Díaz,Cerrada Monte Naranjo No.27,Jesús del Monte,Cuajimalpa de Morelos,5260.0,General (NOM08),
2284,Guías de Turistas,Laura Diana Soto Pérez,"El Calvario, No.1",Zentlapatl,Cuajimalpa de Morelos,5010.0,General (NOM08),
2285,Guías de Turistas,Oscar Portillo Ochoa,Meyerbeer 70 B 404,Vallejo,Gustavo A. Madero,7870.0,General (NOM08),
2286,Guías de Turistas,Elvira Ayala Espinoza,Oriente 87 3401,La Joya,Gustavo A. Madero,7890.0,General (NOM08),
2287,Guías de Turistas,José Luis Linares Quintana,Andador 31 de Marzo 3,Unidad CTM Atzacoalco,Gustavo A. Madero,7090.0,General (NOM08),
2288,Guías de Turistas,Mario Alberto Rodríguez Polina,Santiago 5a,Tepeyac Insurgentes,Gustavo A. Madero,7020.0,General (NOM08),
2289,Guías de Turistas,Wendy Berenice Velázquez Martínez,Coyula 1973,San Felipe de Jesús,Gustavo A. Madero,7510.0,General (NOM08),
2290,Guías de Turistas,Lucío Jesús García,Fausto Romero 66,Aragón La Villa,Gustavo A. Madero,7000.0,General (NOM08),
2291,Guías de Turistas,María De Lourdes Quintero Rodríguez,"Avenida 506, 30",Unidad Aragón,Gustavo A. Madero,7969.0,General (NOM08),
2292,Guías de Turistas,Gustavo Jiménez Rosales,"Avenida 515, 100",Unidad San Juan de Aragón,Gustavo A. Madero,7969.0,General (NOM08),
2293,Guías de Turistas,Rafael Hernández Fabila,Jesús C. Romero 37,Héroe de Nacozari,Gustavo A. Madero,7780.0,General (NOM08),
2294,Guías de Turistas,Julio César Gutiérrez Alvarado,Montiel 96,Tepeyac Insurgentes,Gustavo A. Madero,7020.0,General (NOM08),
2295,Guías de Turistas,María De Los Dolores Maza Lezama,Casma 580,Lindavista,Gustavo A. Madero,7300.0,General (NOM08),
2296,Guías de Turistas,Rogelio Hernández Lee,Avenida San Juan De Aragón 600,Constitución de la República,Gustavo A. Madero,7469.0,General (NOM08),
2297,Guías de Turistas,Ismael Lorenzo Enriquez López,Primera Cerrada de Apango Andador 2 Manzana 10 Lote 3,Cuautepec El Alto,Gustavo A. Madero,7100.0,General (NOM08),
2298,Guías de Turistas,Noé Gaudencio Arriaga Piña,Avenida del Parque Manzana 53 Lote 31,Cuchilla del Tesoro,Gustavo A. Madero,7900.0,General (NOM08),
2299,Guías de Turistas,Mauricio Vallejo Martínez,"Calle 323, 927",Nueva Atzacoalco,Gustavo A. Madero,7420.0,General (NOM08),
2300,Guías de Turistas,Gustavo López González,"Calle 30 - A, 93",Santa Rosa,Gustavo A. Madero,7620.0,General (NOM08),
2301,Guías de Turistas,Alejandro  Rangel Alvarado,"Norte 23, 18",Nuevo Vallejo,Gustavo A. Madero,7720.0,General (NOM08),
2302,Guías de Turistas,Luis Antonio Fernandez Razo,Margarita Maza De Juarez 180,Nueva Industrial Vallejo,Gustavo A. Madero,7710.0,General (NOM08),
2303,Guías de Turistas,Ana Alicia Dávila Avila,"Oriente 241A, No.235",Agrícola Oriental,Iztacalco,8500.0,General (NOM08),
2304,Guías de Turistas,Rocío Angélica Rodríguez Navarrete,"Calle tres, No.112",Pantitlán,Iztacalco,8100.0,General (NOM08),
2305,Guías de Turistas,Marco Antonio Barquera Carmona,"Playa Azul, No.349",Reforma Iztaccihuatl,Iztacalco,8810.0,General (NOM08),
2306,Guías de Turistas,Gregorio López Ledesma,"Oriente 249 A, No. 116",Agrícola Oriental,Iztacalco,8500.0,General (NOM08),
2307,Guías de Turistas,Julieta Etelvina Rojas Villegas,"Oriente 249 A, No. 116",Agrícola Oriental,Iztacalco,8500.0,General (NOM08),
2308,Guías de Turistas,Sergio Tristan Ramírez,Sur 169 No.2406,Gabriel Ramos Millán,Iztacalco,8000.0,General (NOM08),
2309,Guías de Turistas,Brenda Itzel Aburto Juarez,Sur 143 No. 1902,Gabriel Ramos Millán Bramadero,Iztacalco,8000.0,General (NOM08),
2310,Guías de Turistas,Antonio Bolaños Gutiérrez,Estudios San Angelin No.30,Jardines Tecma,Iztacalco,8920.0,General (NOM08),
2311,Guías de Turistas,Amado Miguel Bolaños Gutiérrez,Estudios San Angelin No.23,Jardines Tecma,Iztacalco,8920.0,General (NOM08),
2312,Guías de Turistas,Martha Patricia Ramírez De La Higuera,Agua Caliente No. 30 Int. 27,Agrícola Pantitlán,Iztacalco,8100.0,General (NOM08),
2313,Guías de Turistas,Ivette Guerrero Flores,Calle 14 No. 3,El Rodeo,Iztacalco,8510.0,General (NOM08),
2314,Guías de Turistas,Josefina Teresa Becerril Perez,Ometecutli 2,Ricardo Flores Magón,Iztapalapa,9820.0,General (NOM08),
2315,Guías de Turistas,Yuriko Mizué Sánchez Trejo,"Av. Año de Juarez, No.30",Granjas San Antonio,Iztapalapa,9070.0,General (NOM08),
2316,Guías de Turistas,Alma Cecilia García Vences,"Sabadel 78, IA-102",San Nicolás Tolentino,Iztapalapa,9850.0,General (NOM08),
2317,Guías de Turistas,Tatiana Nechay,Batallones Rojos No.61,Unidad Habitacional Vicente Guerrero,Iztapalapa,9200.0,General (NOM08),
2318,Guías de Turistas,Agnieszka Malgorzata Kimla,"Sur 71, No.220",Banjidal,Iztapalapa,9450.0,General (NOM08),
2319,Guías de Turistas,Héctor González Cadena,Campostela No.106,Bellavista,Iztapalapa,9860.0,General (NOM08),
2320,Guías de Turistas,Raúl González Cadena,Andador 1 Compostela No.106 A,Unidad Habitacional Bellavista,Iztapalapa,4860.0,General (NOM08),
2321,Guías de Turistas,Leticia Leal Landeros,Calle Oculistas No. 33,El Sifón,Iztapalapa,9400.0,General (NOM08),
2322,Guías de Turistas,Jose Luis Garcia Paniagua,Gral. Jose Ma. Parras No. 286,Juan Escutia,Iztapalapa,9100.0,General (NOM08),
2323,Guías de Turistas,Mayra Grisel Fraga Herrera,San Francisco No.43,El Santuario,Iztapalapa,9820.0,General (NOM08),
2324,Guías de Turistas,Alfonso Herrera Landeros,Calle 65 No.159,Santa Cruz Meyehualco,Iztapalapa,9290.0,General (NOM08),
2325,Guías de Turistas,Antonio Martínez Murcia,"Av. Canal de Apatlaco, No. 339",Nueva Rosita,Iztapalapa,9420.0,General (NOM08),
2326,Guías de Turistas,Salvador Barriga Martinez,Circuito Rio Zitacuaro No. 42-0,Paseos de Churubusco,Iztapalapa,9030.0,General (NOM08),
2327,Guías de Turistas,Mario Soto Peña,"Siracusa, No.28",Lomas Estrella,Iztapalapa,9890.0,General (NOM08),
2328,Guías de Turistas,Miguel Ángel Ceja Torres,"Avenida Generalismo Morelos, No.16",Unidad Habitacional Ermita Zaragoza,Iztapalapa,9180.0,General (NOM08),
2329,Guías de Turistas,Aarón Octavio Ruiz Valencia,"1a. Jesús Rodríguez, No.77",Unidad Habitacional Vicente Guerrero,Iztapalapa,9200.0,General (NOM08),
2330,Guías de Turistas,Alondra Vázquez Ventura,Av. San Jeróimo No.2381,Pueblo Nuevo Alto,La Magdalena Contreras,10600.0,General (NOM08),
2331,Guías de Turistas,Karla Monserrat Chavira Romero,Camino Real a San Jerónimo No. 28,Santa Ana Tlacotenco,Milpa Alta,12900.0,General (NOM08),
2332,Guías de Turistas,Crescencio Enrique Barrios Leon,"Calle 3, No.58",Lomas de los Angeles Tetelpan,Álvaro Obregón,1790.0,General (NOM08),
2333,Guías de Turistas,Ana Leonor Montiel Gutiérrez,Médanos No.94 Depto.42,Las Águilas,Álvaro Obregón,1710.0,General (NOM08),
2334,Guías de Turistas,Gabriel Hernandez Fabila,Magnolia No.32,Santa Fe,Álvaro Obregón,1210.0,General (NOM08),
2335,Guías de Turistas,Esteban Alquicir González,"Pt. Topolobampo Mz. 20, Lote 7",Piloto Adolfo López Mateos,Álvaro Obregón,1290.0,General (NOM08),
2336,Guías de Turistas,Juan Pablo Guerrero Amador,"Calle 26, No. 60",Olivar del Conde,Álvaro Obregón,1408.0,General (NOM08),
2337,Guías de Turistas,Roberto Cañas Flores,Sur 112- A,Cove,Álvaro Obregón,1120.0,General (NOM08),
2338,Guías de Turistas,Ricardo Amador Uribe,"Calle 13, No.49",Olivar del Conde,Álvaro Obregón,1400.0,General (NOM08),
2339,Guías de Turistas,Fernando Moreira López,"Buena Suerte, No. 228, Edif. H Depto. 404",Los Olivos,Tláhuac,13210.0,General (NOM08),
2340,Guías de Turistas,Beatriz Consuelo Ayala Gastelum,"Insurgentes Sur No. 3493 Ef 28, Dept. 304",Villa Olímpica,Tlalpan,14020.0,General (NOM08),
2341,Guías de Turistas,Arturo Duran Vergara,Pilar Mz. 4 Lote. 13,Ajusco San Miguel Xicalco,Tlalpan,14050.0,General (NOM08),
2342,Guías de Turistas,Carlos Escalera Villanueva,Ayapango No. 59,Vergel de Coyoacán,Tlalpan,14340.0,General (NOM08),
2343,Guías de Turistas,Diana Hinojosa Ruiz De Chávez,"Insurgentes Sur No. 4411, EDIF 19 DEP 101",Tlalpan,Tlalpan,14430.0,General (NOM08),
2344,Guías de Turistas,José Alejandro Vite Posadas,"Vereda, No, 1, Interior 17",Narciso Mendoza,Tlalpan,14390.0,General (NOM08),
2345,Guías de Turistas,Paulina Angélica Bautista Mendoza,Chicoansen Mz 7 Lt 18,Pedregal de San Nicolás,Tlalpan,14100.0,General (NOM08),
2346,Guías de Turistas,Juan Carlos Gallardo Sánchez,"Chaparral, No. 100",Las Hadas,Tlalpan,14390.0,General (NOM08),
2347,Guías de Turistas,Aarón Valdespino Villeda,"Othon León Lobato Mz5, Lt7",Héroes de 1910,Tlalpan,14260.0,General (NOM08),
2348,Guías de Turistas,Jose Luis Rodriguez García,Cerrada de los Gallos No.8,Pueblo Santo Tomás Ajusco,Tlalpan,14710.0,General (NOM08),
2349,Guías de Turistas,Rodrigo Carlos Urrutia Sosa,4Ta Cerrada de Volcanes No.22 B,Pedregal de San Nicolás,Tlalpan,14100.0,General (NOM08),
2350,Guías de Turistas,Francisco Miranda Carreto,"Jose Maria Morelos, Mz.06",Pueblo Quieto,Tlalpan,14040.0,General (NOM08),
2351,Guías de Turistas,Jazmin Caraveo Tuñón,Del Rosal  No. 16,San Pedro Mártir,Tlalpan,14650.0,General (NOM08),
2352,Guías de Turistas,Manuel Alberto Vargas Hernández,"Cantera 247, No.88",Roca de Cristal,Tlalpan,14420.0,General (NOM08),
2353,Guías de Turistas,Vladimir Felipe Valderrama Vargas,Camino Viejo a Nativitas No.3,Lomas de Tonalco,Xochimilco,16410.0,General (NOM08),
2354,Guías de Turistas,Malú Pablo Silva,"De las Rosas, No.20",San Andrés Ahuayucan,Xochimilco,16810.0,General (NOM08),
2355,Guías de Turistas,Mario Hernández Sánchez,"Rincón de la Hacienda, No. 23",Bosque Residencial del Sur,Xochimilco,16010.0,General (NOM08),
2356,Guías de Turistas,Hugo Odín Laguna Zapiain,"Unión, No. 23",Santa Cecilia Tepetlapa,Xochimilco,16880.0,General (NOM08),
2357,Guías de Turistas,Edgar Vargas Echeverria,"Cerrada Camino Nacional No.13, int.11",San Lucas Xochimanca,Xochimilco,16300.0,General (NOM08),
2358,Guías de Turistas,Fabiola Peña Rojas,Roselino No.20,San Bernardino,Xochimilco,16030.0,General (NOM08),
2359,Guías de Turistas,Antonio Israel Sánchez Ruiz,Dinteles No.1,Jardines del Sur,Xochimilco,16050.0,General (NOM08),
2360,Guías de Turistas,María Magdalena González Rivera,Calle 20 No.40,San Pedro de los Pinos,Benito Juárez,3800.0,General (NOM08),
2361,Guías de Turistas,Luisa Rey Carretero Gonzalez,"Patricio Sanz, No.6",Del Valle,Benito Juárez,3100.0,General (NOM08),
2362,Guías de Turistas,Luis Everardo Flores Jiménez,"Emperadores, No.144-5",Portales Sur,Benito Juárez,3300.0,General (NOM08),
2363,Guías de Turistas,Irasema Roque Cruz,Emma No.171-3,Nativitas,Benito Juárez,3500.0,General (NOM08),
2364,Guías de Turistas,Mirta Martínez Arechiga,Obrero Mundial No. 806-502,Álamos,Benito Juárez,3400.0,General (NOM08),
2365,Guías de Turistas,Edmundo Vázquez Valay,"Calle 2, No.7",San Pedro de los Pinos,Benito Juárez,3800.0,General (NOM08),
2366,Guías de Turistas,Omar Rodríguez Mandujano,"Palenque, No.92",Narvarte,Benito Juárez,3020.0,General (NOM08),
2367,Guías de Turistas,Guillermo Sánchez Escobar,"Esperanza, No.962",Narvarte,Benito Juárez,3020.0,General (NOM08),
2368,Guías de Turistas,Rocio Angelina Hernández Maldonado,"Av. Coyoacan No. 1435, Int. C-208",Del Valle,Benito Juárez,3100.0,General (NOM08),
2369,Guías de Turistas,Marina Lobunskaya,Poussin No.89,San Juan,Benito Juárez,3730.0,General (NOM08),
2370,Guías de Turistas,Rodolfo Becerra Ledezma,Av. División del Norte No1125,Del Valle,Benito Juárez,3100.0,General (NOM08),
2371,Guías de Turistas,Norma Rivera Escalera,Avenida 3 No. 77 - 114,San Pedro de los Pinos,Benito Juárez,3800.0,General (NOM08),
2372,Guías de Turistas,Gonzalo Manuel Fernandez Barreto,Avenida 1ro de Mayo #97,San Pedro de los Pinos,Benito Juárez,6800.0,General (NOM08),
2373,Guías de Turistas,Alicia Gutiérrez Martínez,Amores No.27,Del Valle,Benito Juárez,3100.0,General (NOM08),
2374,Guías de Turistas,Francisco Urrutia Ramirez,"Calle La Morena, No.118",Del Valle Norte,Benito Juárez,3100.0,General (NOM08),
2375,Guías de Turistas,Lizbeth Patricia Martin Del Campo Chavez,"Jaina, No.22",Letrán Valle,Benito Juárez,3650.0,General (NOM08),
2376,Guías de Turistas,Alfonso Penagos Flores,Guerrero No. 380,Tlatelolco,Cuauhtémoc,6900.0,General (NOM08),
2377,Guías de Turistas,Susana Concepción Pérez Meza,Tepejí No.49,Roma Sur,Cuauhtémoc,6760.0,General (NOM08),
2378,Guías de Turistas,Ana Paula Belmonte Lopez,Manuel González 42 Edificio Baja California  A-301,Nonoalco,Cuauhtémoc,6900.0,General (NOM08),
2379,Guías de Turistas,Alejandra Gabriela González Méndez,Altamirano 131,San Rafael,Cuauhtémoc,6470.0,General (NOM08),
2380,Guías de Turistas,María Guadalupe Reséndiz Gutiérrez,"Puebla, No.261, Depto.7",Roma Norte,Cuauhtémoc,6700.0,General (NOM08),
2381,Guías de Turistas,Simone Elisabeth Ehrentreich,Articulo 123 No.53,Centro,Cuauhtémoc,6040.0,General (NOM08),
2382,Guías de Turistas,Jesus Mauricio Duran Miranda,Misterios No.83,Peralvillo,Cuauhtémoc,6220.0,General (NOM08),
2383,Guías de Turistas,Sonia Jabneh Reyes Waldo,"Insurgentes Norte, No. 783",San Simón Tolnáhuac,Cuauhtémoc,6920.0,General (NOM08),
2384,Guías de Turistas,Sonia Waldo Licea,Insurgentes Norte No.783-304,San Simón Tolnáhuac,Cuauhtémoc,6920.0,General (NOM08),
2385,Guías de Turistas,Martín Jaime Alvarado Vázquez,"Luis Moya, No. 115, Int. C 4",Centro,Cuauhtémoc,6070.0,General (NOM08),
2386,Guías de Turistas,Marta Michelotto,"Regina, No. 45, Int. 11",Centro,Cuauhtémoc,6020.0,General (NOM08),
2387,Guías de Turistas,Verónica Prieto Torres,"Guerrero 326, No. A-2",Nonoalco,Cuauhtémoc,6900.0,General (NOM08),
2388,Guías de Turistas,Alberto Cuéllar Rodríguez,"Amberes, No. 78",Juárez,Cuauhtémoc,6600.0,General (NOM08),
2389,Guías de Turistas,José Joaquín Vallarta Morales,José Peón Contreras No. 150 - 4,Obrera,Cuauhtémoc,6800.0,General (NOM08),
2390,Guías de Turistas,Cesar Galvan Arciniega,"Medellin, No.311",Roma,Cuauhtémoc,6760.0,General (NOM08),
2391,Guías de Turistas,Gyu Hwan Jin,Londres 224 INT. 101,Juárez,Cuauhtémoc,6600.0,General (NOM08),
2392,Guías de Turistas,Irma Ramirez Sierra,Cerrada de Salamanca No.14,Roma,Cuauhtémoc,6700.0,General (NOM08),
2393,Guías de Turistas,José Manuel Eleazar González Bello,Hamburgo No.299-4,Juárez,Cuauhtémoc,6600.0,General (NOM08),
2394,Guías de Turistas,Julio César Casillas Mena,Eje Central No. 332,Algarín,Cuauhtémoc,6880.0,General (NOM08),
2395,Guías de Turistas,Cesar Augusto Martinez Gonzalez,Santa María La Rivera Núm. 124,Santa María La Rivera,Cuauhtémoc,6400.0,General (NOM08),
2396,Guías de Turistas,Jose Manuel Cruz Aranda,Calle Toltecas Número 70,Morelos,Cuauhtémoc,6200.0,General (NOM08),
2397,Guías de Turistas,Gerardo Enrique Acosta Camacho,AV Yucatán 20 DESP 502,Roma Norte,Cuauhtémoc,6700.0,General (NOM08),
2398,Guías de Turistas,Everardo Tellez Becerra,Tokio No.18 Bis,Juárez,Cuauhtémoc,6600.0,General (NOM08),
2399,Guías de Turistas,Angel Moro Bizarro,"Balderas, No. 44 Int.406",Cuauhtémoc,Cuauhtémoc,6050.0,General (NOM08),
2400,Guías de Turistas,Bernardo Ortiz Bojorges,Carpio #63-B501,Santa María La Rivera,Cuauhtémoc,6400.0,General (NOM08),
2401,Guías de Turistas,Gabriel Castro Villegas,"Tolnahuac, No.15",San Simón Tolnáhuac,Cuauhtémoc,6920.0,General (NOM08),
2402,Guías de Turistas,Anbing Zhang Ma,Orozco y Berra No.73,Buenavista,Cuauhtémoc,6350.0,General (NOM08),
2403,Guías de Turistas,Paulo César Tapia Rodríguez,Acero  No. 43,Maza,Cuauhtémoc,6270.0,General (NOM08),
2404,Guías de Turistas,Olivia Romero Figueroa,Sadi Carnot No. 41-7,San Rafael,Cuauhtémoc,6470.0,General (NOM08),
2405,Guías de Turistas,Francisco Alejandro De La Torre Aranzeta,"Avenida Paseo de la Reforma, No.500",Juárez,Cuauhtémoc,6600.0,General (NOM08),
2406,Guías de Turistas,Karina Irene Gutiérrez Trujillo,Dr. Erazo No. 52,Doctores,Cuauhtémoc,6720.0,General (NOM08),
2407,Guías de Turistas,Georgina Rodríguez Buendía,Bahía de Caracas No.78,Verónica Anzures,Miguel Hidalgo,11580.0,General (NOM08),
2408,Guías de Turistas,Constanza Pilar Viale Josefé,Anatole France No. 71,Polanco,Miguel Hidalgo,11560.0,General (NOM08),
2409,Guías de Turistas,Daniel López Romero,Av. Progreso No. 14,Escandón,Miguel Hidalgo,11860.0,General (NOM08),
2410,Guías de Turistas,Álvaro José Domínguez Thompson,"Sindicalismo, No. 110, B-101",Escandón,Miguel Hidalgo,11800.0,General (NOM08),
2411,Guías de Turistas,Pedro López Rosales,"Lago de Chapala, No. 47, A-410",Anáhuac,Miguel Hidalgo,11320.0,General (NOM08),
2412,Guías de Turistas,Gina Rossana Ruelas Chiquini,Lago Zurich No.244,Ampliación Granada,Miguel Hidalgo,11529.0,General (NOM08),
2413,Guías de Turistas,Yazmin Azucena Virgen Moreno,Poniente 117-A No. 207,Popo,Miguel Hidalgo,11480.0,General (NOM08),
2414,Guías de Turistas,Carlos Javier Alonso Natharen,"Mar Blanco, No. 101",Popotla,Miguel Hidalgo,11400.0,General (NOM08),
2415,Guías de Turistas,Sarai Pacheco Sánchez,General Sostenes Rocha No.42,Daniel Garza,Miguel Hidalgo,11830.0,General (NOM08),
2416,Guías de Turistas,Demetrio Eduardo Meymar Lorenzo,Ándres Bello S/N,Polanco,Miguel Hidalgo,11560.0,General (NOM08),
2417,Guías de Turistas,Juan Carlos Gamiño Corona,Jerusalén No. 86,Romero Rubio,Venustiano Carranza,15400.0,General (NOM08),
2418,Guías de Turistas,José Enrique Espejel Vicuña,"Emiliano Zapata, No.221-6",Damián Carmona,Venustiano Carranza,1530.0,General (NOM08),
2419,Guías de Turistas,Hector Rangel Lara,Cieneguilla No.141,Felipe Ángeles,Venustiano Carranza,15310.0,General (NOM08),
2420,Guías de Turistas,Jorge Antonio Torres Vergara,Guerra y Marina No.89,Cuatro Árboles,Venustiano Carranza,15730.0,General (NOM08),
2421,Guías de Turistas,Hilda Lucía Lezama Flores,"Privada Curio, Mz. 10, Lt. 26, Feracción 10",Cuchilla Pantitlán,Venustiano Carranza,15610.0,General (NOM08),
2422,Guías de Turistas,Pedro Pérez Vallejo,"Blvd. Puerto Aéreo, No. 51",Peñón de los Baños,Venustiano Carranza,15520.0,General (NOM08),
2423,Guías de Turistas,Osvaldo Malpica Flores,Cecilio García No. 5,Damián Carmona,Venustiano Carranza,15450.0,General (NOM08),
2424,Guías de Turistas,Salvador Ortiz Franco,Calle Oriente 150 No. 139,Moctezuma 2a. Sección,Venustiano Carranza,15530.0,General (NOM08),
2425,Guías de Turistas,Raul Teodoro Rios Vargas,Av Fray Servando No.760 B7,Jardín Balbuena,Venustiano Carranza,15900.0,General (NOM08),
2426,Guías de Turistas,Alfredo Gutíerrez,Estampado No.154,20 de Noviembre,Venustiano Carranza,15300.0,General (NOM08),
2427,Guías de Turistas,Fredesvinda Ivonne Morales Berriel,Rosario Castellanos No.561,Artes Gráficas,Venustiano Carranza,15830.0,General (NOM08),
2428,Guías de Turistas,Carlos Manelic San Roman Sierra,Avenida Fray Servando Teresa de Mier No. 781,Jardín Balbuena,Venustiano Carranza,15900.0,General (NOM08),
2429,Guías de Turistas,Ricardo González Alonso,Oriente 184 No.368,Moctezuma 2a. Sección,Venustiano Carranza,15500.0,General (NOM08),
2430,Guías de Turistas,Javier Aragón Galindo,Salubridad No. 20,Federal,Venustiano Carranza,15700.0,General (NOM08),
2431,Guías de Turistas,Alfredo Espinosa Andrade,Boleo No. 75,Nicolás Bravo,Venustiano Carranza,15220.0,General (NOM08),
2432,Guías de Turistas,Gabriel Pinner Pérez,Retorno atilano morales 14,CTM el Risco,Gustavo A. Madero,7090.0,Local (NOM08),
2433,Guías de Turistas,Luis Márquez Fernández,Malintzin 50,Aragón la Villa,Gustavo A. Madero,7000.0,General (NOM08),
2434,Guías de Turistas,Alejandro Eduardo Ortiz López,Avenida Real del Monte 56,Guadalupe Insurgentes,Gustavo A. Madero,7870.0,General (NOM08),
2435,Guías de Turistas,Alejandro Quintanar Villarreal,Antonio Sanchez Molina Lote 5 Manzana 102,Zona Escolar,Gustavo A. Madero,7230.0,General (NOM08),
2436,Agencia Integradora De Servicios,DP Mundomex,Ciceron 737 No.Mezzi1,Chapultepec Morales,Miguel Hidalgo,11570.0,Agencia Integradora De Servicios,
2437,Agencia Integradora De Servicios,Corad,Herschel 37,Anzures,Miguel Hidalgo,11590.0,Agencia Integradora De Servicios,
2438,Agencia Integradora De Servicios,México Travel Channel,"Av. Paseo De La Reforma No. 250, Piso 15, Torre B",Juárez,Cuauhtémoc,6600.0,Agencia Integradora De Servicios,
2439,Agencia Integradora De Servicios,Eat Like a Local México,Valladolid 22 -1B,Roma Norte,Cuauhtémoc,6700.0,Agencia Integradora De Servicios,
2440,Agencia Integradora De Servicios,ClickBus,Av. Álvaro Obregón No. 151 Piso 12 Int. 1201,Roma Norte,Cuauhtémoc,6700.0,Agencia Integradora De Servicios,
2441,Agencia Integradora De Servicios,Destination Management Services de Mexico,"Rio Duero, No.46",Cuauhtémoc,Cuauhtémoc,6500.0,Agencia Integradora De Servicios,
2442,Agencia Integradora De Servicios,Global Star Group,"Pedro Luis Ogazon, No.84-A",Guadalupe Inn,Álvaro Obregón,1020.0,Agencia Integradora De Servicios,
2443,Agencia Integradora De Servicios,Mayan Terra,Cupulas 37,Jardines del Sur,Xochimilco,16050.0,Agencia Integradora De Servicios,
2444,Agencia Integradora De Servicios,Innova Convenciones,Culiacán No. 51 Int. 9,Hipodromo,Cuauhtémoc,6170.0,Agencia Integradora De Servicios,
2445,Agencia Integradora De Servicios,Profesionales En Convenciones,Montecito No.38 Int. Piso 27 Of.23,Nápoles,Benito Juárez,3810.0,Agencia Integradora De Servicios,
2446,Agencia Integradora De Servicios,Intermeeting,Eje 10 Sur Rio De La Madalena No. 326,La Otra Banda,Álvaro Obregón,1090.0,Agencia Integradora De Servicios,
2447,Agencia Integradora De Servicios,"Meeting Planners International, S.A. De C.V.",Platon 414,Palmas Polanco,Miguel Hidalgo,11560.0,Agencia Integradora De Servicios,
2448,Agencia Integradora De Servicios,Viaceco Travel,Arteaga Y Salazar No. 1584,El Contadero,Cuajimalpa de Morelos,1584.0,Agencia Integradora De Servicios,
2449,Agencia Integradora De Servicios,Doga Representaciones,Magdalena 133,Del Valle Centro,Benito Juárez,3100.0,Agencia Integradora De Servicios,
2450,Agencia Integradora De Servicios,Azulado,"Av. Nuevo León, No.276",Hipodromo,Cuauhtémoc,6170.0,Agencia Integradora De Servicios,
2451,Agencia Integradora De Servicios,Gaia Travel Network,"Nueva York 32, Oficina 301",Nápoles,Benito Juárez,3810.0,Agencia Integradora De Servicios,
2452,Agencia Integradora De Servicios,ESPENCON,Laura 100 -1,Nativitas,Benito Juárez,3500.0,Agencia Integradora De Servicios,
2453,Agencia Integradora De Servicios,"Representaciones de Exposiciones México, S.A. de C.V.",Avenida Thiers No. 251,Nueva Anzurez,Miguel Hidalgo,11590.0,Agencia Integradora De Servicios,
2454,Agencia Integradora De Servicios,Coventur Dmc Los Cabos Cancun,Mitla 128,Narvarte,Benito Juárez,3600.0,Agencia Integradora De Servicios,
2455,Agencia Integradora De Servicios,Euromextour,Primera Cerrada De Retoño 29,El Retoño,Iztapalapa,9440.0,Agencia Integradora De Servicios,
2456,Agencia Integradora De Servicios,BPO&N MEXICO,,,,,Agencia Integradora De Servicios,
2457,Parques temáticos,Granja Tio Pepe,Camino Viejo a Mixcoac No. 3515,San Bartolo Ameyalco,Álvaro Obregón,1800.0,,
2458,Parques temáticos,Six Flags México,Carretera Picacho Ajusco kilometro 1.5,Héroes de Padierna,Tlalpan,14200.0,,
2459,Parques temáticos,Piccolo Mondo Santa Fe,Vasco de Quiroga 3800 local 533 piso 2,Lomas de Vista Hermosa,Cuajimalpa de Morelos,5100.0,,
2460,Parques temáticos,Funny Farm,Carretera Federal México Cuernavaca 6820 kilometro 24.850,San Andrés Totoltepec,Tlalpan,14400.0,,
2461,Spas,Hotel Geneve México City,Londres 130,Juárez,Cuauhtémoc,6600.0,Spa,
2462,Spas,Hyatt Regency México City,Campos Elíseos 204,Polanco V sección,Miguel Hidalgo,11560.0,Spa,
2463,Spas,Hotel Courtyard by Marriott Revolucion,Avenida Revolución 333,Tacubaya,Miguel Hidalgo,11870.0,Spa,
2464,Spas,Dermal Day Spa,Goldsmith 56 C,Polanco V Sección,Miguel Hidalgo,11560.0,Spa,
2465,Spas,The Westin Santa Fe,Javier Barros Sierra  540,Lomas de Santa Fe,Álvaro Obregón,1219.0,Spa,
2466,Tour Operador,Astours,Calle Playa Roqueta No. 116,Reforma Ixtazihuatl,Coyoacán,4380.0,Tour Operador,
2467,Tour Operador,Grupo de Asesores Profesionales Viva Zapata,Rio Niagara 52,Cuauhtémoc,Cuauhtémoc,6500.0,Tour Operador,
2468,Tour Operador,Pe-tra Operadora,Aguascalientes 116,Romas Sur,Cuauhtémoc,6760.0,Tour Operador,
2469,Tour Operador,Viajes Jade,"Cerrada de Seminario 120, departamentos 7-01",Olivar de los padres,Álvaro Obregón,1780.0,Tour Operador,
2470,Tour Operador,Global Trip México,Prolongación Pluatarco Elías Calles No. 2897,Chinampac DE Juarez,Iztapalapa,9208.0,Tour Operador,
2471,Tour Operador,Innovadora Turistica Morelos Travel,Sur 71 sin número frente al 4404,Viáducto Piedad,Iztacalco,8200.0,Tour Operador,
2472,Tour Operador,Teotihuacan.com.mx,Eje Central Lázaro Cárdenas 725 piso 3 B 304,Portales Sur,Benito Juárez,3300.0,Tour Operador,
2473,Tour Operador,Destinos Latinos,Liverpool 155,Juárez,Cuauhtémoc,6600.0,Tour Operador,
2474,Tour Operador,Spiral Promoción Turística,Avenida Insurgentes Sur 105 piso 14,Juárez,Cuauhtémoc,6600.0,Tour Operador,
2475,Tour Operador,Altanueva Mexico - Alta Mex DMC,Texcoco 238,Claveria,Azcapotzalco,2080.0,Tour Operador,
2476,Tour Operador,Alma Tours Tour Operadora DMC & Travel Agency,Morelos 79,San Salvador Cuauhtenco,Milpa Alta,12300.0,Tour Operador,
2477,Tour Operador,Mexico Touring,Nuevo León 58,Hipodromo,Cuauhtémoc,6100.0,Tour Operador,
2478,Tour Operador,exciting travel holidays,Hacienda Corralejo 61,Prado Coapa,Tlalpan,14357.0,Tour Operador,
2479,Tour Operador,K´iin Bialy Tours,Eugenia No. 13,Napoles,Benito Juárez,3810.0,Tour Operador,
2480,Tour Operador,Alifante Tur,Humboldt No. 56,Centro,Cuauhtémoc,6050.0,Tour Operador,
2481,Tour Operador,Unilat Transportes y Turismo,"Presidente Masaryk No. 14, Int. 101",Polanco,Miguel Hidalgo,11560.0,Tour Operador,
2482,Tour Operador,Marco Polo Operadores,marte 95-2,Guerrero,Cuauhtémoc,6300.0,Tour Operador,
2483,Tour Operador,Asesoría Turística,"2da. Cerrada, No.184",Granjas San Antonio,Iztapalapa,9070.0,Tour Operador,
2484,Tour Operador,Sendetur,Av. Taxqueña No.1320,Central de Autobuses del Norte,Coyoacán,4410.0,Tour Operador,
2485,Tour Operador,México Overseas Viajes,"Cópernico, No. 35",Anzures,Miguel Hidalgo,11590.0,Tour Operador,
2486,Tour Operador,Nextia Mexico Tours,Londres No.152 PB,Juarez,Cuauhtémoc,6600.0,Tour Operador,
2487,Tour Operador,Citli Tours,"3a Cerrada Chamilpa, No.  17, Int. 1",Pedregal de Santo Domingo,Coyoacán,4369.0,Tour Operador,
2488,Tour Operador,Go Mexico Groups & Incentives,Insurgentes Sur 1377,Insurgentes Mixcoac,Benito Juárez,3920.0,Tour Operador,
2489,Tour Operador,Viaja + MX,Buenavista 76,Lindavista,Gustavo A. Madero,7300.0,Tour Operador,
2490,Tour Operador,Conecviajes,Rinconada Estrella 19 C302,Guerrero,Cuauhtémoc,6300.0,Tour Operador,
2491,Transportadora turística,Grupo Yatre S.A. de C.V.,Fuente De Molinos 157 Dep.402,Rincon del Pedregal,Tlalpan,14120.0,Transportadora turística,
2492,Transportadora turística,Yaros Autotranporte,Norte 70 6248-5,Aragon Inguaran,Gustavo A. Madero,7820.0,Transportadora turística,
2493,Transportadora turística,Mxcursions,Dr. Vertiz No. 856-102,Narvarte,Benito Juárez,3020.0,Transportadora turística,
2494,Transportadora turística,Limotours,Rompeolas 37,Acueducto de Guadalupe,Gustavo A. Madero,7279.0,Transportadora turística,
2495,Transportadora turística,"Mensajeria, Paqueteria y Venta de Boletos de Oriente",Eje 5 Oriente Mz. 71 No. 720 A,Leyes de Reforma 3era. Sección,Iztapalapa,9310.0,Transportadora turística,
2496,Transportadora turística,"Excursiones y Transportes Turísticos, S.A.","Chiapas, No.13",Roma,Cuauhtémoc,6700.0,Transportadora turística,
2497,Transportadora turística,Transporte Turístico Adventours,Calle 28 63,Guadalupe Proletaria,Gustavo A. Madero,7600.0,Transportadora turística,
2498,Transportadora turística,Turitour,Calle Artilleros 81 Col 10 De Mayo C.P. 15290,10 de Mayo,Venustiano Carranza,15290.0,Transportadora turística,
2499,Transportadora turística,Lufthansa,Paseo De Las Palmas 239,Lomas de Chapultepec 1,Miguel Hidalgo,11000.0,Transportadora turística,
2500,Transportadora turística,OTESA,Calzada Vallejo 705,Nueva Vallejo,Gustavo A. Madero,7750.0,Transportadora turística,
2501,Transportadora turística,Avianca,Av. Paseo De La Reforma No.195 Piso 3,Cuauhtémoc,Cuauhtémoc,6500.0,Transportadora turística,
2502,Transportadora turística,Avianca,Av. Paseo De La Reforma No.195 Pb 1B,Cuauhtémoc,Cuauhtémoc,6500.0,Transportadora turística,
2503,Transportadora turística,Turispullman,Jalapa No. 49,San Jerónimo Aculco,La Magdalena Contreras,10400.0,Transportadora turística,
2504,Transportadora turística,Tekpan Tours,"Calzada México Tacuba, No.1523",San Joaquin,Miguel Hidalgo,11260.0,Transportadora turística,
2505,Turismo alternativo,Sherpa Aventuras,Calle 8 Manzana 26 Lote 11,Miguel Hidalgo,Tlalpan,14250.0,Operadora,
2506,Turismo alternativo,Comunidad Axosco Turismo en la Naturaleza,Filomeno Gonzales 43,Santo Tomas Ajusco,Tlalpan,14710.0,Operadora,
2507,Turismo alternativo,Servicios Turísticos Xochiquetzalli,Violetas 72,Barrio de Santa Crucita,Xochimilco,16070.0,Operadora,
2508,Turismo alternativo,Parque ecoturístico de la comunidad de San Bernabé Ocotepec,Ojo de Agua 1005 bienes comunales San Bernabé Ocotepec,San Bernabé Ocotepec,La Magdalena Contreras,10369.0,Operadora,
2509,Turismo alternativo,Hangar Tours 4X4,Avenida Tres 62,San Pedro de los Pinos,Benito Juárez,3800.0,Operadora,
2510,Turismo alternativo,Original Extreme Experience,Alejandro Dumas 145,Polanco IV sección,Miguel Hidalgo,11550.0,Operadora,
2511,Turismo alternativo,Marketing y Aventura,Geranio 130,Atlampa,Cuauhtémoc,6450.0,Operadora,
